model_name,model_family,budget_name,train_budget_samples,train_fraction_actual,full_train_size,budget_strategy,split_seed,model_seed,split_id,mae,rmse,r2,n_train,n_val,n_test,target_unit,predictions_path,model_path,history_path,model_params_json,notes
cgcnn_optimized,cgcnn,B500,500,0.0330207370228503,15142,absolute_doubling_budgets,42,42,random_iid_seed_42_80_10_10,0.4364519231154435,0.5809779706224567,0.4125967837400436,500,1893,1893,eV/unit cell,outputs/runs/predictions/random_iid_cgcnn_optimized_B500_seed42.csv,outputs/models/cgcnn/random_iid_cgcnn_optimized_B500_seed42.pt,outputs/runs/history/random_iid_cgcnn_optimized_B500_seed42.csv,"{""batch_size"":128,""cutoff"":8.0,""device"":""cuda"",""early_stopping_patience"":15,""edge_dim"":64,""epochs"":100,""hidden_dim"":64,""lr"":0.0003,""monitor"":""val_mae"",""scheduler_patience"":8,""weight_decay"":1e-05}","CGCNN with RBF edge expansion, BatchNorm, residual CGConv blocks, and target standardization. Params={""batch_size"":128,""cutoff"":8.0,""device"":""cuda"",""early_stopping_patience"":15,""edge_dim"":64,""epochs"":100,""hidden_dim"":64,""lr"":0.0003,""monitor"":""val_mae"",""scheduler_patience"":8,""weight_decay"":1e-05}; model_path=outputs/models/cgcnn/random_iid_cgcnn_optimized_B500_seed42.pt; history_path=outputs/runs/history/random_iid_cgcnn_optimized_B500_seed42.csv; validation MAE=0.425436."
cgcnn_optimized,cgcnn,B2000,2000,0.1320829480914014,15142,absolute_doubling_budgets,42,42,random_iid_seed_42_80_10_10,0.2834775962819514,0.3778292392013531,0.7515676673248092,2000,1893,1893,eV/unit cell,outputs/runs/predictions/random_iid_cgcnn_optimized_B2000_seed42.csv,outputs/models/cgcnn/random_iid_cgcnn_optimized_B2000_seed42.pt,outputs/runs/history/random_iid_cgcnn_optimized_B2000_seed42.csv,"{""batch_size"":128,""cutoff"":8.0,""device"":""cuda"",""early_stopping_patience"":15,""edge_dim"":64,""epochs"":100,""hidden_dim"":64,""lr"":0.0003,""monitor"":""val_mae"",""scheduler_patience"":8,""weight_decay"":1e-05}","CGCNN with RBF edge expansion, BatchNorm, residual CGConv blocks, and target standardization. Params={""batch_size"":128,""cutoff"":8.0,""device"":""cuda"",""early_stopping_patience"":15,""edge_dim"":64,""epochs"":100,""hidden_dim"":64,""lr"":0.0003,""monitor"":""val_mae"",""scheduler_patience"":8,""weight_decay"":1e-05}; model_path=outputs/models/cgcnn/random_iid_cgcnn_optimized_B2000_seed42.pt; history_path=outputs/runs/history/random_iid_cgcnn_optimized_B2000_seed42.csv; validation MAE=0.279257."
cgcnn_optimized,cgcnn,B8000,8000,0.5283317923656056,15142,absolute_doubling_budgets,42,42,random_iid_seed_42_80_10_10,0.159515310219212,0.2289392870572043,0.9087868105952516,8000,1893,1893,eV/unit cell,outputs/runs/predictions/random_iid_cgcnn_optimized_B8000_seed42.csv,outputs/models/cgcnn/random_iid_cgcnn_optimized_B8000_seed42.pt,outputs/runs/history/random_iid_cgcnn_optimized_B8000_seed42.csv,"{""batch_size"":128,""cutoff"":8.0,""device"":""cuda"",""early_stopping_patience"":15,""edge_dim"":64,""epochs"":100,""hidden_dim"":64,""lr"":0.0003,""monitor"":""val_mae"",""scheduler_patience"":8,""weight_decay"":1e-05}","CGCNN with RBF edge expansion, BatchNorm, residual CGConv blocks, and target standardization. Params={""batch_size"":128,""cutoff"":8.0,""device"":""cuda"",""early_stopping_patience"":15,""edge_dim"":64,""epochs"":100,""hidden_dim"":64,""lr"":0.0003,""monitor"":""val_mae"",""scheduler_patience"":8,""weight_decay"":1e-05}; model_path=outputs/models/cgcnn/random_iid_cgcnn_optimized_B8000_seed42.pt; history_path=outputs/runs/history/random_iid_cgcnn_optimized_B8000_seed42.csv; validation MAE=0.161123."
cgcnn_optimized,cgcnn,Bfull,15142,1.0,15142,absolute_doubling_budgets,42,42,random_iid_seed_42_80_10_10,0.0995281683409963,0.1358429810909036,0.9678862222842732,15142,1893,1893,eV/unit cell,outputs/runs/predictions/random_iid_cgcnn_optimized_Bfull_seed42.csv,outputs/models/cgcnn/random_iid_cgcnn_optimized_Bfull_seed42.pt,outputs/runs/history/random_iid_cgcnn_optimized_Bfull_seed42.csv,"{""batch_size"":128,""cutoff"":8.0,""device"":""cuda"",""early_stopping_patience"":15,""edge_dim"":64,""epochs"":100,""hidden_dim"":64,""lr"":0.0003,""monitor"":""val_mae"",""scheduler_patience"":8,""weight_decay"":1e-05}","CGCNN with RBF edge expansion, BatchNorm, residual CGConv blocks, and target standardization. Params={""batch_size"":128,""cutoff"":8.0,""device"":""cuda"",""early_stopping_patience"":15,""edge_dim"":64,""epochs"":100,""hidden_dim"":64,""lr"":0.0003,""monitor"":""val_mae"",""scheduler_patience"":8,""weight_decay"":1e-05}; model_path=outputs/models/cgcnn/random_iid_cgcnn_optimized_Bfull_seed42.pt; history_path=outputs/runs/history/random_iid_cgcnn_optimized_Bfull_seed42.csv; validation MAE=0.098799."
cgcnn_optimized,cgcnn,B500,500,0.0330207370228503,15142,absolute_doubling_budgets,42,43,random_iid_seed_42_80_10_10,0.43439813466659,0.5722772209680465,0.4300589886821022,500,1893,1893,eV/unit cell,outputs/runs/predictions/random_iid_cgcnn_optimized_B500_seed43.csv,outputs/models/cgcnn/random_iid_cgcnn_optimized_B500_seed43.pt,outputs/runs/history/random_iid_cgcnn_optimized_B500_seed43.csv,"{""batch_size"":128,""cutoff"":8.0,""device"":""cuda"",""early_stopping_patience"":15,""edge_dim"":64,""epochs"":100,""hidden_dim"":64,""lr"":0.0003,""monitor"":""val_mae"",""scheduler_patience"":8,""weight_decay"":1e-05}","CGCNN with RBF edge expansion, BatchNorm, residual CGConv blocks, and target standardization. Params={""batch_size"":128,""cutoff"":8.0,""device"":""cuda"",""early_stopping_patience"":15,""edge_dim"":64,""epochs"":100,""hidden_dim"":64,""lr"":0.0003,""monitor"":""val_mae"",""scheduler_patience"":8,""weight_decay"":1e-05}; model_path=outputs/models/cgcnn/random_iid_cgcnn_optimized_B500_seed43.pt; history_path=outputs/runs/history/random_iid_cgcnn_optimized_B500_seed43.csv; validation MAE=0.418291."
cgcnn_optimized,cgcnn,B2000,2000,0.1320829480914014,15142,absolute_doubling_budgets,42,43,random_iid_seed_42_80_10_10,0.2552277217815619,0.349689907428646,0.7871943345391526,2000,1893,1893,eV/unit cell,outputs/runs/predictions/random_iid_cgcnn_optimized_B2000_seed43.csv,outputs/models/cgcnn/random_iid_cgcnn_optimized_B2000_seed43.pt,outputs/runs/history/random_iid_cgcnn_optimized_B2000_seed43.csv,"{""batch_size"":128,""cutoff"":8.0,""device"":""cuda"",""early_stopping_patience"":15,""edge_dim"":64,""epochs"":100,""hidden_dim"":64,""lr"":0.0003,""monitor"":""val_mae"",""scheduler_patience"":8,""weight_decay"":1e-05}","CGCNN with RBF edge expansion, BatchNorm, residual CGConv blocks, and target standardization. Params={""batch_size"":128,""cutoff"":8.0,""device"":""cuda"",""early_stopping_patience"":15,""edge_dim"":64,""epochs"":100,""hidden_dim"":64,""lr"":0.0003,""monitor"":""val_mae"",""scheduler_patience"":8,""weight_decay"":1e-05}; model_path=outputs/models/cgcnn/random_iid_cgcnn_optimized_B2000_seed43.pt; history_path=outputs/runs/history/random_iid_cgcnn_optimized_B2000_seed43.csv; validation MAE=0.251569."
cgcnn_optimized,cgcnn,B8000,8000,0.5283317923656056,15142,absolute_doubling_budgets,42,43,random_iid_seed_42_80_10_10,0.1701598751337139,0.2420839528448144,0.898012019135245,8000,1893,1893,eV/unit cell,outputs/runs/predictions/random_iid_cgcnn_optimized_B8000_seed43.csv,outputs/models/cgcnn/random_iid_cgcnn_optimized_B8000_seed43.pt,outputs/runs/history/random_iid_cgcnn_optimized_B8000_seed43.csv,"{""batch_size"":128,""cutoff"":8.0,""device"":""cuda"",""early_stopping_patience"":15,""edge_dim"":64,""epochs"":100,""hidden_dim"":64,""lr"":0.0003,""monitor"":""val_mae"",""scheduler_patience"":8,""weight_decay"":1e-05}","CGCNN with RBF edge expansion, BatchNorm, residual CGConv blocks, and target standardization. Params={""batch_size"":128,""cutoff"":8.0,""device"":""cuda"",""early_stopping_patience"":15,""edge_dim"":64,""epochs"":100,""hidden_dim"":64,""lr"":0.0003,""monitor"":""val_mae"",""scheduler_patience"":8,""weight_decay"":1e-05}; model_path=outputs/models/cgcnn/random_iid_cgcnn_optimized_B8000_seed43.pt; history_path=outputs/runs/history/random_iid_cgcnn_optimized_B8000_seed43.csv; validation MAE=0.167780."
cgcnn_optimized,cgcnn,Bfull,15142,1.0,15142,absolute_doubling_budgets,42,43,random_iid_seed_42_80_10_10,0.1339983390653442,0.1954324202836992,0.933532367406096,15142,1893,1893,eV/unit cell,outputs/runs/predictions/random_iid_cgcnn_optimized_Bfull_seed43.csv,outputs/models/cgcnn/random_iid_cgcnn_optimized_Bfull_seed43.pt,outputs/runs/history/random_iid_cgcnn_optimized_Bfull_seed43.csv,"{""batch_size"":128,""cutoff"":8.0,""device"":""cuda"",""early_stopping_patience"":15,""edge_dim"":64,""epochs"":100,""hidden_dim"":64,""lr"":0.0003,""monitor"":""val_mae"",""scheduler_patience"":8,""weight_decay"":1e-05}","CGCNN with RBF edge expansion, BatchNorm, residual CGConv blocks, and target standardization. Params={""batch_size"":128,""cutoff"":8.0,""device"":""cuda"",""early_stopping_patience"":15,""edge_dim"":64,""epochs"":100,""hidden_dim"":64,""lr"":0.0003,""monitor"":""val_mae"",""scheduler_patience"":8,""weight_decay"":1e-05}; model_path=outputs/models/cgcnn/random_iid_cgcnn_optimized_Bfull_seed43.pt; history_path=outputs/runs/history/random_iid_cgcnn_optimized_Bfull_seed43.csv; validation MAE=0.133426."
cgcnn_optimized,cgcnn,B500,500,0.0330207370228503,15142,absolute_doubling_budgets,42,44,random_iid_seed_42_80_10_10,0.4436642118653984,0.5809144460638382,0.4127252309168097,500,1893,1893,eV/unit cell,outputs/runs/predictions/random_iid_cgcnn_optimized_B500_seed44.csv,outputs/models/cgcnn/random_iid_cgcnn_optimized_B500_seed44.pt,outputs/runs/history/random_iid_cgcnn_optimized_B500_seed44.csv,"{""batch_size"":128,""cutoff"":8.0,""device"":""cuda"",""early_stopping_patience"":15,""edge_dim"":64,""epochs"":100,""hidden_dim"":64,""lr"":0.0003,""monitor"":""val_mae"",""scheduler_patience"":8,""weight_decay"":1e-05}","CGCNN with RBF edge expansion, BatchNorm, residual CGConv blocks, and target standardization. Params={""batch_size"":128,""cutoff"":8.0,""device"":""cuda"",""early_stopping_patience"":15,""edge_dim"":64,""epochs"":100,""hidden_dim"":64,""lr"":0.0003,""monitor"":""val_mae"",""scheduler_patience"":8,""weight_decay"":1e-05}; model_path=outputs/models/cgcnn/random_iid_cgcnn_optimized_B500_seed44.pt; history_path=outputs/runs/history/random_iid_cgcnn_optimized_B500_seed44.csv; validation MAE=0.430821."
cgcnn_optimized,cgcnn,B2000,2000,0.1320829480914014,15142,absolute_doubling_budgets,42,44,random_iid_seed_42_80_10_10,0.318759167312757,0.4332426916251038,0.6733523934549435,2000,1893,1893,eV/unit cell,outputs/runs/predictions/random_iid_cgcnn_optimized_B2000_seed44.csv,outputs/models/cgcnn/random_iid_cgcnn_optimized_B2000_seed44.pt,outputs/runs/history/random_iid_cgcnn_optimized_B2000_seed44.csv,"{""batch_size"":128,""cutoff"":8.0,""device"":""cuda"",""early_stopping_patience"":15,""edge_dim"":64,""epochs"":100,""hidden_dim"":64,""lr"":0.0003,""monitor"":""val_mae"",""scheduler_patience"":8,""weight_decay"":1e-05}","CGCNN with RBF edge expansion, BatchNorm, residual CGConv blocks, and target standardization. Params={""batch_size"":128,""cutoff"":8.0,""device"":""cuda"",""early_stopping_patience"":15,""edge_dim"":64,""epochs"":100,""hidden_dim"":64,""lr"":0.0003,""monitor"":""val_mae"",""scheduler_patience"":8,""weight_decay"":1e-05}; model_path=outputs/models/cgcnn/random_iid_cgcnn_optimized_B2000_seed44.pt; history_path=outputs/runs/history/random_iid_cgcnn_optimized_B2000_seed44.csv; validation MAE=0.308407."
cgcnn_optimized,cgcnn,B8000,8000,0.5283317923656056,15142,absolute_doubling_budgets,42,44,random_iid_seed_42_80_10_10,0.1802958598214989,0.251307494106581,0.8900923634391242,8000,1893,1893,eV/unit cell,outputs/runs/predictions/random_iid_cgcnn_optimized_B8000_seed44.csv,outputs/models/cgcnn/random_iid_cgcnn_optimized_B8000_seed44.pt,outputs/runs/history/random_iid_cgcnn_optimized_B8000_seed44.csv,"{""batch_size"":128,""cutoff"":8.0,""device"":""cuda"",""early_stopping_patience"":15,""edge_dim"":64,""epochs"":100,""hidden_dim"":64,""lr"":0.0003,""monitor"":""val_mae"",""scheduler_patience"":8,""weight_decay"":1e-05}","CGCNN with RBF edge expansion, BatchNorm, residual CGConv blocks, and target standardization. Params={""batch_size"":128,""cutoff"":8.0,""device"":""cuda"",""early_stopping_patience"":15,""edge_dim"":64,""epochs"":100,""hidden_dim"":64,""lr"":0.0003,""monitor"":""val_mae"",""scheduler_patience"":8,""weight_decay"":1e-05}; model_path=outputs/models/cgcnn/random_iid_cgcnn_optimized_B8000_seed44.pt; history_path=outputs/runs/history/random_iid_cgcnn_optimized_B8000_seed44.csv; validation MAE=0.175771."
cgcnn_optimized,cgcnn,Bfull,15142,1.0,15142,absolute_doubling_budgets,42,44,random_iid_seed_42_80_10_10,0.1272839273905162,0.183292508036391,0.9415335914104086,15142,1893,1893,eV/unit cell,outputs/runs/predictions/random_iid_cgcnn_optimized_Bfull_seed44.csv,outputs/models/cgcnn/random_iid_cgcnn_optimized_Bfull_seed44.pt,outputs/runs/history/random_iid_cgcnn_optimized_Bfull_seed44.csv,"{""batch_size"":128,""cutoff"":8.0,""device"":""cuda"",""early_stopping_patience"":15,""edge_dim"":64,""epochs"":100,""hidden_dim"":64,""lr"":0.0003,""monitor"":""val_mae"",""scheduler_patience"":8,""weight_decay"":1e-05}","CGCNN with RBF edge expansion, BatchNorm, residual CGConv blocks, and target standardization. Params={""batch_size"":128,""cutoff"":8.0,""device"":""cuda"",""early_stopping_patience"":15,""edge_dim"":64,""epochs"":100,""hidden_dim"":64,""lr"":0.0003,""monitor"":""val_mae"",""scheduler_patience"":8,""weight_decay"":1e-05}; model_path=outputs/models/cgcnn/random_iid_cgcnn_optimized_Bfull_seed44.pt; history_path=outputs/runs/history/random_iid_cgcnn_optimized_Bfull_seed44.csv; validation MAE=0.127324."
cgcnn_optimized,cgcnn,B500,500,0.0330207370228503,15142,absolute_doubling_budgets,42,42,element_set_seed_42_80_10_10,0.5314997479931993,0.7126395900235442,0.1025311724934091,500,1893,1893,eV/unit cell,outputs/runs/predictions/element_set_cgcnn_optimized_B500_seed42.csv,outputs/models/cgcnn/element_set_cgcnn_optimized_B500_seed42.pt,outputs/runs/history/element_set_cgcnn_optimized_B500_seed42.csv,"{""batch_size"":128,""cutoff"":8.0,""device"":""cuda"",""early_stopping_patience"":15,""edge_dim"":64,""epochs"":100,""hidden_dim"":64,""lr"":0.0003,""monitor"":""val_mae"",""scheduler_patience"":8,""weight_decay"":1e-05}","CGCNN with RBF edge expansion, BatchNorm, residual CGConv blocks, and target standardization. Params={""batch_size"":128,""cutoff"":8.0,""device"":""cuda"",""early_stopping_patience"":15,""edge_dim"":64,""epochs"":100,""hidden_dim"":64,""lr"":0.0003,""monitor"":""val_mae"",""scheduler_patience"":8,""weight_decay"":1e-05}; model_path=outputs/models/cgcnn/element_set_cgcnn_optimized_B500_seed42.pt; history_path=outputs/runs/history/element_set_cgcnn_optimized_B500_seed42.csv; validation MAE=0.523203."
cgcnn_optimized,cgcnn,B2000,2000,0.1320829480914014,15142,absolute_doubling_budgets,42,42,element_set_seed_42_80_10_10,0.2746034171867169,0.3793708844667147,0.7456642112876102,2000,1893,1893,eV/unit cell,outputs/runs/predictions/element_set_cgcnn_optimized_B2000_seed42.csv,outputs/models/cgcnn/element_set_cgcnn_optimized_B2000_seed42.pt,outputs/runs/history/element_set_cgcnn_optimized_B2000_seed42.csv,"{""batch_size"":128,""cutoff"":8.0,""device"":""cuda"",""early_stopping_patience"":15,""edge_dim"":64,""epochs"":100,""hidden_dim"":64,""lr"":0.0003,""monitor"":""val_mae"",""scheduler_patience"":8,""weight_decay"":1e-05}","CGCNN with RBF edge expansion, BatchNorm, residual CGConv blocks, and target standardization. Params={""batch_size"":128,""cutoff"":8.0,""device"":""cuda"",""early_stopping_patience"":15,""edge_dim"":64,""epochs"":100,""hidden_dim"":64,""lr"":0.0003,""monitor"":""val_mae"",""scheduler_patience"":8,""weight_decay"":1e-05}; model_path=outputs/models/cgcnn/element_set_cgcnn_optimized_B2000_seed42.pt; history_path=outputs/runs/history/element_set_cgcnn_optimized_B2000_seed42.csv; validation MAE=0.278736."
cgcnn_optimized,cgcnn,B8000,8000,0.5283317923656056,15142,absolute_doubling_budgets,42,42,element_set_seed_42_80_10_10,0.1685169790286081,0.2391851286313109,0.8989007742878703,8000,1893,1893,eV/unit cell,outputs/runs/predictions/element_set_cgcnn_optimized_B8000_seed42.csv,outputs/models/cgcnn/element_set_cgcnn_optimized_B8000_seed42.pt,outputs/runs/history/element_set_cgcnn_optimized_B8000_seed42.csv,"{""batch_size"":128,""cutoff"":8.0,""device"":""cuda"",""early_stopping_patience"":15,""edge_dim"":64,""epochs"":100,""hidden_dim"":64,""lr"":0.0003,""monitor"":""val_mae"",""scheduler_patience"":8,""weight_decay"":1e-05}","CGCNN with RBF edge expansion, BatchNorm, residual CGConv blocks, and target standardization. Params={""batch_size"":128,""cutoff"":8.0,""device"":""cuda"",""early_stopping_patience"":15,""edge_dim"":64,""epochs"":100,""hidden_dim"":64,""lr"":0.0003,""monitor"":""val_mae"",""scheduler_patience"":8,""weight_decay"":1e-05}; model_path=outputs/models/cgcnn/element_set_cgcnn_optimized_B8000_seed42.pt; history_path=outputs/runs/history/element_set_cgcnn_optimized_B8000_seed42.csv; validation MAE=0.171366."
cgcnn_optimized,cgcnn,Bfull,15142,1.0,15142,absolute_doubling_budgets,42,42,element_set_seed_42_80_10_10,0.1247594918262624,0.170412221872353,0.9486806721475844,15142,1893,1893,eV/unit cell,outputs/runs/predictions/element_set_cgcnn_optimized_Bfull_seed42.csv,outputs/models/cgcnn/element_set_cgcnn_optimized_Bfull_seed42.pt,outputs/runs/history/element_set_cgcnn_optimized_Bfull_seed42.csv,"{""batch_size"":128,""cutoff"":8.0,""device"":""cuda"",""early_stopping_patience"":15,""edge_dim"":64,""epochs"":100,""hidden_dim"":64,""lr"":0.0003,""monitor"":""val_mae"",""scheduler_patience"":8,""weight_decay"":1e-05}","CGCNN with RBF edge expansion, BatchNorm, residual CGConv blocks, and target standardization. Params={""batch_size"":128,""cutoff"":8.0,""device"":""cuda"",""early_stopping_patience"":15,""edge_dim"":64,""epochs"":100,""hidden_dim"":64,""lr"":0.0003,""monitor"":""val_mae"",""scheduler_patience"":8,""weight_decay"":1e-05}; model_path=outputs/models/cgcnn/element_set_cgcnn_optimized_Bfull_seed42.pt; history_path=outputs/runs/history/element_set_cgcnn_optimized_Bfull_seed42.csv; validation MAE=0.121191."
cgcnn_optimized,cgcnn,B500,500,0.0330207370228503,15142,absolute_doubling_budgets,42,43,element_set_seed_42_80_10_10,0.5430058624564309,0.7158470863177119,0.0944342153777478,500,1893,1893,eV/unit cell,outputs/runs/predictions/element_set_cgcnn_optimized_B500_seed43.csv,outputs/models/cgcnn/element_set_cgcnn_optimized_B500_seed43.pt,outputs/runs/history/element_set_cgcnn_optimized_B500_seed43.csv,"{""batch_size"":128,""cutoff"":8.0,""device"":""cuda"",""early_stopping_patience"":15,""edge_dim"":64,""epochs"":100,""hidden_dim"":64,""lr"":0.0003,""monitor"":""val_mae"",""scheduler_patience"":8,""weight_decay"":1e-05}","CGCNN with RBF edge expansion, BatchNorm, residual CGConv blocks, and target standardization. Params={""batch_size"":128,""cutoff"":8.0,""device"":""cuda"",""early_stopping_patience"":15,""edge_dim"":64,""epochs"":100,""hidden_dim"":64,""lr"":0.0003,""monitor"":""val_mae"",""scheduler_patience"":8,""weight_decay"":1e-05}; model_path=outputs/models/cgcnn/element_set_cgcnn_optimized_B500_seed43.pt; history_path=outputs/runs/history/element_set_cgcnn_optimized_B500_seed43.csv; validation MAE=0.543089."
cgcnn_optimized,cgcnn,B2000,2000,0.1320829480914014,15142,absolute_doubling_budgets,42,43,element_set_seed_42_80_10_10,0.2463564509244677,0.338262696844216,0.7977969529327021,2000,1893,1893,eV/unit cell,outputs/runs/predictions/element_set_cgcnn_optimized_B2000_seed43.csv,outputs/models/cgcnn/element_set_cgcnn_optimized_B2000_seed43.pt,outputs/runs/history/element_set_cgcnn_optimized_B2000_seed43.csv,"{""batch_size"":128,""cutoff"":8.0,""device"":""cuda"",""early_stopping_patience"":15,""edge_dim"":64,""epochs"":100,""hidden_dim"":64,""lr"":0.0003,""monitor"":""val_mae"",""scheduler_patience"":8,""weight_decay"":1e-05}","CGCNN with RBF edge expansion, BatchNorm, residual CGConv blocks, and target standardization. Params={""batch_size"":128,""cutoff"":8.0,""device"":""cuda"",""early_stopping_patience"":15,""edge_dim"":64,""epochs"":100,""hidden_dim"":64,""lr"":0.0003,""monitor"":""val_mae"",""scheduler_patience"":8,""weight_decay"":1e-05}; model_path=outputs/models/cgcnn/element_set_cgcnn_optimized_B2000_seed43.pt; history_path=outputs/runs/history/element_set_cgcnn_optimized_B2000_seed43.csv; validation MAE=0.254756."
cgcnn_optimized,cgcnn,B8000,8000,0.5283317923656056,15142,absolute_doubling_budgets,42,43,element_set_seed_42_80_10_10,0.2549782924808274,0.3348156598725439,0.8018970208334086,8000,1893,1893,eV/unit cell,outputs/runs/predictions/element_set_cgcnn_optimized_B8000_seed43.csv,outputs/models/cgcnn/element_set_cgcnn_optimized_B8000_seed43.pt,outputs/runs/history/element_set_cgcnn_optimized_B8000_seed43.csv,"{""batch_size"":128,""cutoff"":8.0,""device"":""cuda"",""early_stopping_patience"":15,""edge_dim"":64,""epochs"":100,""hidden_dim"":64,""lr"":0.0003,""monitor"":""val_mae"",""scheduler_patience"":8,""weight_decay"":1e-05}","CGCNN with RBF edge expansion, BatchNorm, residual CGConv blocks, and target standardization. Params={""batch_size"":128,""cutoff"":8.0,""device"":""cuda"",""early_stopping_patience"":15,""edge_dim"":64,""epochs"":100,""hidden_dim"":64,""lr"":0.0003,""monitor"":""val_mae"",""scheduler_patience"":8,""weight_decay"":1e-05}; model_path=outputs/models/cgcnn/element_set_cgcnn_optimized_B8000_seed43.pt; history_path=outputs/runs/history/element_set_cgcnn_optimized_B8000_seed43.csv; validation MAE=0.261239."
cgcnn_optimized,cgcnn,Bfull,15142,1.0,15142,absolute_doubling_budgets,42,43,element_set_seed_42_80_10_10,0.1306075728978672,0.1857627217221488,0.9390187091989882,15142,1893,1893,eV/unit cell,outputs/runs/predictions/element_set_cgcnn_optimized_Bfull_seed43.csv,outputs/models/cgcnn/element_set_cgcnn_optimized_Bfull_seed43.pt,outputs/runs/history/element_set_cgcnn_optimized_Bfull_seed43.csv,"{""batch_size"":128,""cutoff"":8.0,""device"":""cuda"",""early_stopping_patience"":15,""edge_dim"":64,""epochs"":100,""hidden_dim"":64,""lr"":0.0003,""monitor"":""val_mae"",""scheduler_patience"":8,""weight_decay"":1e-05}","CGCNN with RBF edge expansion, BatchNorm, residual CGConv blocks, and target standardization. Params={""batch_size"":128,""cutoff"":8.0,""device"":""cuda"",""early_stopping_patience"":15,""edge_dim"":64,""epochs"":100,""hidden_dim"":64,""lr"":0.0003,""monitor"":""val_mae"",""scheduler_patience"":8,""weight_decay"":1e-05}; model_path=outputs/models/cgcnn/element_set_cgcnn_optimized_Bfull_seed43.pt; history_path=outputs/runs/history/element_set_cgcnn_optimized_Bfull_seed43.csv; validation MAE=0.130696."
cgcnn_optimized,cgcnn,B500,500,0.0330207370228503,15142,absolute_doubling_budgets,42,44,element_set_seed_42_80_10_10,0.5347463306823989,0.6936860692949437,0.1496349001343218,500,1893,1893,eV/unit cell,outputs/runs/predictions/element_set_cgcnn_optimized_B500_seed44.csv,outputs/models/cgcnn/element_set_cgcnn_optimized_B500_seed44.pt,outputs/runs/history/element_set_cgcnn_optimized_B500_seed44.csv,"{""batch_size"":128,""cutoff"":8.0,""device"":""cuda"",""early_stopping_patience"":15,""edge_dim"":64,""epochs"":100,""hidden_dim"":64,""lr"":0.0003,""monitor"":""val_mae"",""scheduler_patience"":8,""weight_decay"":1e-05}","CGCNN with RBF edge expansion, BatchNorm, residual CGConv blocks, and target standardization. Params={""batch_size"":128,""cutoff"":8.0,""device"":""cuda"",""early_stopping_patience"":15,""edge_dim"":64,""epochs"":100,""hidden_dim"":64,""lr"":0.0003,""monitor"":""val_mae"",""scheduler_patience"":8,""weight_decay"":1e-05}; model_path=outputs/models/cgcnn/element_set_cgcnn_optimized_B500_seed44.pt; history_path=outputs/runs/history/element_set_cgcnn_optimized_B500_seed44.csv; validation MAE=0.535442."
cgcnn_optimized,cgcnn,B2000,2000,0.1320829480914014,15142,absolute_doubling_budgets,42,44,element_set_seed_42_80_10_10,0.2494147940949038,0.3479401609925587,0.7860616697134248,2000,1893,1893,eV/unit cell,outputs/runs/predictions/element_set_cgcnn_optimized_B2000_seed44.csv,outputs/models/cgcnn/element_set_cgcnn_optimized_B2000_seed44.pt,outputs/runs/history/element_set_cgcnn_optimized_B2000_seed44.csv,"{""batch_size"":128,""cutoff"":8.0,""device"":""cuda"",""early_stopping_patience"":15,""edge_dim"":64,""epochs"":100,""hidden_dim"":64,""lr"":0.0003,""monitor"":""val_mae"",""scheduler_patience"":8,""weight_decay"":1e-05}","CGCNN with RBF edge expansion, BatchNorm, residual CGConv blocks, and target standardization. Params={""batch_size"":128,""cutoff"":8.0,""device"":""cuda"",""early_stopping_patience"":15,""edge_dim"":64,""epochs"":100,""hidden_dim"":64,""lr"":0.0003,""monitor"":""val_mae"",""scheduler_patience"":8,""weight_decay"":1e-05}; model_path=outputs/models/cgcnn/element_set_cgcnn_optimized_B2000_seed44.pt; history_path=outputs/runs/history/element_set_cgcnn_optimized_B2000_seed44.csv; validation MAE=0.252267."
cgcnn_optimized,cgcnn,B8000,8000,0.5283317923656056,15142,absolute_doubling_budgets,42,44,element_set_seed_42_80_10_10,0.2082217037822604,0.2883031137545387,0.853114763235447,8000,1893,1893,eV/unit cell,outputs/runs/predictions/element_set_cgcnn_optimized_B8000_seed44.csv,outputs/models/cgcnn/element_set_cgcnn_optimized_B8000_seed44.pt,outputs/runs/history/element_set_cgcnn_optimized_B8000_seed44.csv,"{""batch_size"":128,""cutoff"":8.0,""device"":""cuda"",""early_stopping_patience"":15,""edge_dim"":64,""epochs"":100,""hidden_dim"":64,""lr"":0.0003,""monitor"":""val_mae"",""scheduler_patience"":8,""weight_decay"":1e-05}","CGCNN with RBF edge expansion, BatchNorm, residual CGConv blocks, and target standardization. Params={""batch_size"":128,""cutoff"":8.0,""device"":""cuda"",""early_stopping_patience"":15,""edge_dim"":64,""epochs"":100,""hidden_dim"":64,""lr"":0.0003,""monitor"":""val_mae"",""scheduler_patience"":8,""weight_decay"":1e-05}; model_path=outputs/models/cgcnn/element_set_cgcnn_optimized_B8000_seed44.pt; history_path=outputs/runs/history/element_set_cgcnn_optimized_B8000_seed44.csv; validation MAE=0.202278."
cgcnn_optimized,cgcnn,Bfull,15142,1.0,15142,absolute_doubling_budgets,42,44,element_set_seed_42_80_10_10,0.15159689937013204,0.21491235729245642,0.9183789349594046,15142,1893,1893,eV/unit cell,outputs/runs/predictions/element_set_cgcnn_optimized_Bfull_seed44.csv,outputs/models/cgcnn/element_set_cgcnn_optimized_Bfull_seed44.pt,outputs/runs/history/element_set_cgcnn_optimized_Bfull_seed44.csv,"{""batch_size"":128,""cutoff"":8.0,""device"":""cuda"",""early_stopping_patience"":15,""edge_dim"":64,""epochs"":100,""hidden_dim"":64,""lr"":0.0003,""monitor"":""val_mae"",""scheduler_patience"":8,""weight_decay"":1e-05}","CGCNN with RBF edge expansion, BatchNorm, residual CGConv blocks, and target standardization. Params={""batch_size"":128,""cutoff"":8.0,""device"":""cuda"",""early_stopping_patience"":15,""edge_dim"":64,""epochs"":100,""hidden_dim"":64,""lr"":0.0003,""monitor"":""val_mae"",""scheduler_patience"":8,""weight_decay"":1e-05}; model_path=outputs/models/cgcnn/element_set_cgcnn_optimized_Bfull_seed44.pt; history_path=outputs/runs/history/element_set_cgcnn_optimized_Bfull_seed44.csv; validation MAE=0.146078."
