model_name,model_family,budget_name,train_budget_samples,train_fraction_actual,full_train_size,budget_strategy,split_seed,model_seed,split_id,mae,rmse,r2,mape,n_train,n_val,n_test,target_unit,predictions_path,model_path,history_path,model_params_json,notes
cgcnn_optimized,cgcnn,B500,500,0.0330207370228503,15142,absolute_doubling_budgets,42,42,random_iid_seed_42_80_10_10,0.4364519231154435,0.5809779706224567,0.4125967837400436,48.4064867711346,500,1893,1893,eV/unit cell,outputs/runs/predictions/random_iid_cgcnn_optimized_B500_seed42.csv,outputs/models/cgcnn/random_iid_cgcnn_optimized_B500_seed42.pt,outputs/runs/history/random_iid_cgcnn_optimized_B500_seed42.csv,"{""batch_size"":128,""cutoff"":8.0,""device"":""cuda"",""early_stopping_patience"":15,""edge_dim"":64,""epochs"":100,""hidden_dim"":64,""lr"":0.0003,""monitor"":""val_mae"",""scheduler_patience"":8,""weight_decay"":1e-05}","CGCNN with RBF edge expansion, BatchNorm, residual CGConv blocks, and target standardization. Params={""batch_size"":128,""cutoff"":8.0,""device"":""cuda"",""early_stopping_patience"":15,""edge_dim"":64,""epochs"":100,""hidden_dim"":64,""lr"":0.0003,""monitor"":""val_mae"",""scheduler_patience"":8,""weight_decay"":1e-05}; model_path=outputs/models/cgcnn/random_iid_cgcnn_optimized_B500_seed42.pt; history_path=outputs/runs/history/random_iid_cgcnn_optimized_B500_seed42.csv; validation MAE=0.425436."
cgcnn_optimized,cgcnn,B500,500,0.0330207370228503,15142,absolute_doubling_budgets,42,42,element_set_seed_42_80_10_10,0.5314997479931993,0.7126395900235442,0.1025311724934091,75.18700672912772,500,1893,1893,eV/unit cell,outputs/runs/predictions/element_set_cgcnn_optimized_B500_seed42.csv,outputs/models/cgcnn/element_set_cgcnn_optimized_B500_seed42.pt,outputs/runs/history/element_set_cgcnn_optimized_B500_seed42.csv,"{""batch_size"":128,""cutoff"":8.0,""device"":""cuda"",""early_stopping_patience"":15,""edge_dim"":64,""epochs"":100,""hidden_dim"":64,""lr"":0.0003,""monitor"":""val_mae"",""scheduler_patience"":8,""weight_decay"":1e-05}","CGCNN with RBF edge expansion, BatchNorm, residual CGConv blocks, and target standardization. Params={""batch_size"":128,""cutoff"":8.0,""device"":""cuda"",""early_stopping_patience"":15,""edge_dim"":64,""epochs"":100,""hidden_dim"":64,""lr"":0.0003,""monitor"":""val_mae"",""scheduler_patience"":8,""weight_decay"":1e-05}; model_path=outputs/models/cgcnn/element_set_cgcnn_optimized_B500_seed42.pt; history_path=outputs/runs/history/element_set_cgcnn_optimized_B500_seed42.csv; validation MAE=0.523203."
cgcnn_optimized,cgcnn,B500,500,0.0330207370228503,15142,absolute_doubling_budgets,42,43,random_iid_seed_42_80_10_10,0.43439813466659,0.5722772209680465,0.4300589886821022,48.191744505556606,500,1893,1893,eV/unit cell,outputs/runs/predictions/random_iid_cgcnn_optimized_B500_seed43.csv,outputs/models/cgcnn/random_iid_cgcnn_optimized_B500_seed43.pt,outputs/runs/history/random_iid_cgcnn_optimized_B500_seed43.csv,"{""batch_size"":128,""cutoff"":8.0,""device"":""cuda"",""early_stopping_patience"":15,""edge_dim"":64,""epochs"":100,""hidden_dim"":64,""lr"":0.0003,""monitor"":""val_mae"",""scheduler_patience"":8,""weight_decay"":1e-05}","CGCNN with RBF edge expansion, BatchNorm, residual CGConv blocks, and target standardization. Params={""batch_size"":128,""cutoff"":8.0,""device"":""cuda"",""early_stopping_patience"":15,""edge_dim"":64,""epochs"":100,""hidden_dim"":64,""lr"":0.0003,""monitor"":""val_mae"",""scheduler_patience"":8,""weight_decay"":1e-05}; model_path=outputs/models/cgcnn/random_iid_cgcnn_optimized_B500_seed43.pt; history_path=outputs/runs/history/random_iid_cgcnn_optimized_B500_seed43.csv; validation MAE=0.418291."
cgcnn_optimized,cgcnn,B500,500,0.0330207370228503,15142,absolute_doubling_budgets,42,43,element_set_seed_42_80_10_10,0.5430058624564309,0.7158470863177119,0.0944342153777478,71.68520290958149,500,1893,1893,eV/unit cell,outputs/runs/predictions/element_set_cgcnn_optimized_B500_seed43.csv,outputs/models/cgcnn/element_set_cgcnn_optimized_B500_seed43.pt,outputs/runs/history/element_set_cgcnn_optimized_B500_seed43.csv,"{""batch_size"":128,""cutoff"":8.0,""device"":""cuda"",""early_stopping_patience"":15,""edge_dim"":64,""epochs"":100,""hidden_dim"":64,""lr"":0.0003,""monitor"":""val_mae"",""scheduler_patience"":8,""weight_decay"":1e-05}","CGCNN with RBF edge expansion, BatchNorm, residual CGConv blocks, and target standardization. Params={""batch_size"":128,""cutoff"":8.0,""device"":""cuda"",""early_stopping_patience"":15,""edge_dim"":64,""epochs"":100,""hidden_dim"":64,""lr"":0.0003,""monitor"":""val_mae"",""scheduler_patience"":8,""weight_decay"":1e-05}; model_path=outputs/models/cgcnn/element_set_cgcnn_optimized_B500_seed43.pt; history_path=outputs/runs/history/element_set_cgcnn_optimized_B500_seed43.csv; validation MAE=0.543089."
cgcnn_optimized,cgcnn,B500,500,0.0330207370228503,15142,absolute_doubling_budgets,42,44,random_iid_seed_42_80_10_10,0.4436642118653984,0.5809144460638382,0.4127252309168097,52.011879249376825,500,1893,1893,eV/unit cell,outputs/runs/predictions/random_iid_cgcnn_optimized_B500_seed44.csv,outputs/models/cgcnn/random_iid_cgcnn_optimized_B500_seed44.pt,outputs/runs/history/random_iid_cgcnn_optimized_B500_seed44.csv,"{""batch_size"":128,""cutoff"":8.0,""device"":""cuda"",""early_stopping_patience"":15,""edge_dim"":64,""epochs"":100,""hidden_dim"":64,""lr"":0.0003,""monitor"":""val_mae"",""scheduler_patience"":8,""weight_decay"":1e-05}","CGCNN with RBF edge expansion, BatchNorm, residual CGConv blocks, and target standardization. Params={""batch_size"":128,""cutoff"":8.0,""device"":""cuda"",""early_stopping_patience"":15,""edge_dim"":64,""epochs"":100,""hidden_dim"":64,""lr"":0.0003,""monitor"":""val_mae"",""scheduler_patience"":8,""weight_decay"":1e-05}; model_path=outputs/models/cgcnn/random_iid_cgcnn_optimized_B500_seed44.pt; history_path=outputs/runs/history/random_iid_cgcnn_optimized_B500_seed44.csv; validation MAE=0.430821."
cgcnn_optimized,cgcnn,B500,500,0.0330207370228503,15142,absolute_doubling_budgets,42,44,element_set_seed_42_80_10_10,0.5347463306823989,0.6936860692949437,0.1496349001343218,77.63237910999254,500,1893,1893,eV/unit cell,outputs/runs/predictions/element_set_cgcnn_optimized_B500_seed44.csv,outputs/models/cgcnn/element_set_cgcnn_optimized_B500_seed44.pt,outputs/runs/history/element_set_cgcnn_optimized_B500_seed44.csv,"{""batch_size"":128,""cutoff"":8.0,""device"":""cuda"",""early_stopping_patience"":15,""edge_dim"":64,""epochs"":100,""hidden_dim"":64,""lr"":0.0003,""monitor"":""val_mae"",""scheduler_patience"":8,""weight_decay"":1e-05}","CGCNN with RBF edge expansion, BatchNorm, residual CGConv blocks, and target standardization. Params={""batch_size"":128,""cutoff"":8.0,""device"":""cuda"",""early_stopping_patience"":15,""edge_dim"":64,""epochs"":100,""hidden_dim"":64,""lr"":0.0003,""monitor"":""val_mae"",""scheduler_patience"":8,""weight_decay"":1e-05}; model_path=outputs/models/cgcnn/element_set_cgcnn_optimized_B500_seed44.pt; history_path=outputs/runs/history/element_set_cgcnn_optimized_B500_seed44.csv; validation MAE=0.535442."
cgcnn_optimized,cgcnn,B2000,2000,0.1320829480914014,15142,absolute_doubling_budgets,42,42,random_iid_seed_42_80_10_10,0.2834775962819514,0.3778292392013531,0.7515676673248092,27.82167142678541,2000,1893,1893,eV/unit cell,outputs/runs/predictions/random_iid_cgcnn_optimized_B2000_seed42.csv,outputs/models/cgcnn/random_iid_cgcnn_optimized_B2000_seed42.pt,outputs/runs/history/random_iid_cgcnn_optimized_B2000_seed42.csv,"{""batch_size"":128,""cutoff"":8.0,""device"":""cuda"",""early_stopping_patience"":15,""edge_dim"":64,""epochs"":100,""hidden_dim"":64,""lr"":0.0003,""monitor"":""val_mae"",""scheduler_patience"":8,""weight_decay"":1e-05}","CGCNN with RBF edge expansion, BatchNorm, residual CGConv blocks, and target standardization. Params={""batch_size"":128,""cutoff"":8.0,""device"":""cuda"",""early_stopping_patience"":15,""edge_dim"":64,""epochs"":100,""hidden_dim"":64,""lr"":0.0003,""monitor"":""val_mae"",""scheduler_patience"":8,""weight_decay"":1e-05}; model_path=outputs/models/cgcnn/random_iid_cgcnn_optimized_B2000_seed42.pt; history_path=outputs/runs/history/random_iid_cgcnn_optimized_B2000_seed42.csv; validation MAE=0.279257."
cgcnn_optimized,cgcnn,B2000,2000,0.1320829480914014,15142,absolute_doubling_budgets,42,42,element_set_seed_42_80_10_10,0.2746034171867169,0.3793708844667147,0.7456642112876102,31.125935176827173,2000,1893,1893,eV/unit cell,outputs/runs/predictions/element_set_cgcnn_optimized_B2000_seed42.csv,outputs/models/cgcnn/element_set_cgcnn_optimized_B2000_seed42.pt,outputs/runs/history/element_set_cgcnn_optimized_B2000_seed42.csv,"{""batch_size"":128,""cutoff"":8.0,""device"":""cuda"",""early_stopping_patience"":15,""edge_dim"":64,""epochs"":100,""hidden_dim"":64,""lr"":0.0003,""monitor"":""val_mae"",""scheduler_patience"":8,""weight_decay"":1e-05}","CGCNN with RBF edge expansion, BatchNorm, residual CGConv blocks, and target standardization. Params={""batch_size"":128,""cutoff"":8.0,""device"":""cuda"",""early_stopping_patience"":15,""edge_dim"":64,""epochs"":100,""hidden_dim"":64,""lr"":0.0003,""monitor"":""val_mae"",""scheduler_patience"":8,""weight_decay"":1e-05}; model_path=outputs/models/cgcnn/element_set_cgcnn_optimized_B2000_seed42.pt; history_path=outputs/runs/history/element_set_cgcnn_optimized_B2000_seed42.csv; validation MAE=0.278736."
cgcnn_optimized,cgcnn,B2000,2000,0.1320829480914014,15142,absolute_doubling_budgets,42,43,random_iid_seed_42_80_10_10,0.2552277217815619,0.349689907428646,0.7871943345391526,27.01924139581556,2000,1893,1893,eV/unit cell,outputs/runs/predictions/random_iid_cgcnn_optimized_B2000_seed43.csv,outputs/models/cgcnn/random_iid_cgcnn_optimized_B2000_seed43.pt,outputs/runs/history/random_iid_cgcnn_optimized_B2000_seed43.csv,"{""batch_size"":128,""cutoff"":8.0,""device"":""cuda"",""early_stopping_patience"":15,""edge_dim"":64,""epochs"":100,""hidden_dim"":64,""lr"":0.0003,""monitor"":""val_mae"",""scheduler_patience"":8,""weight_decay"":1e-05}","CGCNN with RBF edge expansion, BatchNorm, residual CGConv blocks, and target standardization. Params={""batch_size"":128,""cutoff"":8.0,""device"":""cuda"",""early_stopping_patience"":15,""edge_dim"":64,""epochs"":100,""hidden_dim"":64,""lr"":0.0003,""monitor"":""val_mae"",""scheduler_patience"":8,""weight_decay"":1e-05}; model_path=outputs/models/cgcnn/random_iid_cgcnn_optimized_B2000_seed43.pt; history_path=outputs/runs/history/random_iid_cgcnn_optimized_B2000_seed43.csv; validation MAE=0.251569."
cgcnn_optimized,cgcnn,B2000,2000,0.1320829480914014,15142,absolute_doubling_budgets,42,43,element_set_seed_42_80_10_10,0.2463564509244677,0.338262696844216,0.7977969529327021,29.458498922885,2000,1893,1893,eV/unit cell,outputs/runs/predictions/element_set_cgcnn_optimized_B2000_seed43.csv,outputs/models/cgcnn/element_set_cgcnn_optimized_B2000_seed43.pt,outputs/runs/history/element_set_cgcnn_optimized_B2000_seed43.csv,"{""batch_size"":128,""cutoff"":8.0,""device"":""cuda"",""early_stopping_patience"":15,""edge_dim"":64,""epochs"":100,""hidden_dim"":64,""lr"":0.0003,""monitor"":""val_mae"",""scheduler_patience"":8,""weight_decay"":1e-05}","CGCNN with RBF edge expansion, BatchNorm, residual CGConv blocks, and target standardization. Params={""batch_size"":128,""cutoff"":8.0,""device"":""cuda"",""early_stopping_patience"":15,""edge_dim"":64,""epochs"":100,""hidden_dim"":64,""lr"":0.0003,""monitor"":""val_mae"",""scheduler_patience"":8,""weight_decay"":1e-05}; model_path=outputs/models/cgcnn/element_set_cgcnn_optimized_B2000_seed43.pt; history_path=outputs/runs/history/element_set_cgcnn_optimized_B2000_seed43.csv; validation MAE=0.254756."
cgcnn_optimized,cgcnn,B2000,2000,0.1320829480914014,15142,absolute_doubling_budgets,42,44,random_iid_seed_42_80_10_10,0.318759167312757,0.4332426916251038,0.6733523934549435,32.59581385700369,2000,1893,1893,eV/unit cell,outputs/runs/predictions/random_iid_cgcnn_optimized_B2000_seed44.csv,outputs/models/cgcnn/random_iid_cgcnn_optimized_B2000_seed44.pt,outputs/runs/history/random_iid_cgcnn_optimized_B2000_seed44.csv,"{""batch_size"":128,""cutoff"":8.0,""device"":""cuda"",""early_stopping_patience"":15,""edge_dim"":64,""epochs"":100,""hidden_dim"":64,""lr"":0.0003,""monitor"":""val_mae"",""scheduler_patience"":8,""weight_decay"":1e-05}","CGCNN with RBF edge expansion, BatchNorm, residual CGConv blocks, and target standardization. Params={""batch_size"":128,""cutoff"":8.0,""device"":""cuda"",""early_stopping_patience"":15,""edge_dim"":64,""epochs"":100,""hidden_dim"":64,""lr"":0.0003,""monitor"":""val_mae"",""scheduler_patience"":8,""weight_decay"":1e-05}; model_path=outputs/models/cgcnn/random_iid_cgcnn_optimized_B2000_seed44.pt; history_path=outputs/runs/history/random_iid_cgcnn_optimized_B2000_seed44.csv; validation MAE=0.308407."
cgcnn_optimized,cgcnn,B2000,2000,0.1320829480914014,15142,absolute_doubling_budgets,42,44,element_set_seed_42_80_10_10,0.2494147940949038,0.3479401609925587,0.7860616697134248,29.284458613279696,2000,1893,1893,eV/unit cell,outputs/runs/predictions/element_set_cgcnn_optimized_B2000_seed44.csv,outputs/models/cgcnn/element_set_cgcnn_optimized_B2000_seed44.pt,outputs/runs/history/element_set_cgcnn_optimized_B2000_seed44.csv,"{""batch_size"":128,""cutoff"":8.0,""device"":""cuda"",""early_stopping_patience"":15,""edge_dim"":64,""epochs"":100,""hidden_dim"":64,""lr"":0.0003,""monitor"":""val_mae"",""scheduler_patience"":8,""weight_decay"":1e-05}","CGCNN with RBF edge expansion, BatchNorm, residual CGConv blocks, and target standardization. Params={""batch_size"":128,""cutoff"":8.0,""device"":""cuda"",""early_stopping_patience"":15,""edge_dim"":64,""epochs"":100,""hidden_dim"":64,""lr"":0.0003,""monitor"":""val_mae"",""scheduler_patience"":8,""weight_decay"":1e-05}; model_path=outputs/models/cgcnn/element_set_cgcnn_optimized_B2000_seed44.pt; history_path=outputs/runs/history/element_set_cgcnn_optimized_B2000_seed44.csv; validation MAE=0.252267."
cgcnn_optimized,cgcnn,B8000,8000,0.5283317923656056,15142,absolute_doubling_budgets,42,42,random_iid_seed_42_80_10_10,0.159515310219212,0.2289392870572043,0.9087868105952516,17.141567976124307,8000,1893,1893,eV/unit cell,outputs/runs/predictions/random_iid_cgcnn_optimized_B8000_seed42.csv,outputs/models/cgcnn/random_iid_cgcnn_optimized_B8000_seed42.pt,outputs/runs/history/random_iid_cgcnn_optimized_B8000_seed42.csv,"{""batch_size"":128,""cutoff"":8.0,""device"":""cuda"",""early_stopping_patience"":15,""edge_dim"":64,""epochs"":100,""hidden_dim"":64,""lr"":0.0003,""monitor"":""val_mae"",""scheduler_patience"":8,""weight_decay"":1e-05}","CGCNN with RBF edge expansion, BatchNorm, residual CGConv blocks, and target standardization. Params={""batch_size"":128,""cutoff"":8.0,""device"":""cuda"",""early_stopping_patience"":15,""edge_dim"":64,""epochs"":100,""hidden_dim"":64,""lr"":0.0003,""monitor"":""val_mae"",""scheduler_patience"":8,""weight_decay"":1e-05}; model_path=outputs/models/cgcnn/random_iid_cgcnn_optimized_B8000_seed42.pt; history_path=outputs/runs/history/random_iid_cgcnn_optimized_B8000_seed42.csv; validation MAE=0.161123."
cgcnn_optimized,cgcnn,B8000,8000,0.5283317923656056,15142,absolute_doubling_budgets,42,42,element_set_seed_42_80_10_10,0.1685169790286081,0.2391851286313109,0.8989007742878703,17.757034840597477,8000,1893,1893,eV/unit cell,outputs/runs/predictions/element_set_cgcnn_optimized_B8000_seed42.csv,outputs/models/cgcnn/element_set_cgcnn_optimized_B8000_seed42.pt,outputs/runs/history/element_set_cgcnn_optimized_B8000_seed42.csv,"{""batch_size"":128,""cutoff"":8.0,""device"":""cuda"",""early_stopping_patience"":15,""edge_dim"":64,""epochs"":100,""hidden_dim"":64,""lr"":0.0003,""monitor"":""val_mae"",""scheduler_patience"":8,""weight_decay"":1e-05}","CGCNN with RBF edge expansion, BatchNorm, residual CGConv blocks, and target standardization. Params={""batch_size"":128,""cutoff"":8.0,""device"":""cuda"",""early_stopping_patience"":15,""edge_dim"":64,""epochs"":100,""hidden_dim"":64,""lr"":0.0003,""monitor"":""val_mae"",""scheduler_patience"":8,""weight_decay"":1e-05}; model_path=outputs/models/cgcnn/element_set_cgcnn_optimized_B8000_seed42.pt; history_path=outputs/runs/history/element_set_cgcnn_optimized_B8000_seed42.csv; validation MAE=0.171366."
cgcnn_optimized,cgcnn,B8000,8000,0.5283317923656056,15142,absolute_doubling_budgets,42,43,random_iid_seed_42_80_10_10,0.1701598751337139,0.2420839528448144,0.898012019135245,18.064479497978105,8000,1893,1893,eV/unit cell,outputs/runs/predictions/random_iid_cgcnn_optimized_B8000_seed43.csv,outputs/models/cgcnn/random_iid_cgcnn_optimized_B8000_seed43.pt,outputs/runs/history/random_iid_cgcnn_optimized_B8000_seed43.csv,"{""batch_size"":128,""cutoff"":8.0,""device"":""cuda"",""early_stopping_patience"":15,""edge_dim"":64,""epochs"":100,""hidden_dim"":64,""lr"":0.0003,""monitor"":""val_mae"",""scheduler_patience"":8,""weight_decay"":1e-05}","CGCNN with RBF edge expansion, BatchNorm, residual CGConv blocks, and target standardization. Params={""batch_size"":128,""cutoff"":8.0,""device"":""cuda"",""early_stopping_patience"":15,""edge_dim"":64,""epochs"":100,""hidden_dim"":64,""lr"":0.0003,""monitor"":""val_mae"",""scheduler_patience"":8,""weight_decay"":1e-05}; model_path=outputs/models/cgcnn/random_iid_cgcnn_optimized_B8000_seed43.pt; history_path=outputs/runs/history/random_iid_cgcnn_optimized_B8000_seed43.csv; validation MAE=0.167780."
cgcnn_optimized,cgcnn,B8000,8000,0.5283317923656056,15142,absolute_doubling_budgets,42,43,element_set_seed_42_80_10_10,0.2549782924808274,0.3348156598725439,0.8018970208334086,33.06608097422053,8000,1893,1893,eV/unit cell,outputs/runs/predictions/element_set_cgcnn_optimized_B8000_seed43.csv,outputs/models/cgcnn/element_set_cgcnn_optimized_B8000_seed43.pt,outputs/runs/history/element_set_cgcnn_optimized_B8000_seed43.csv,"{""batch_size"":128,""cutoff"":8.0,""device"":""cuda"",""early_stopping_patience"":15,""edge_dim"":64,""epochs"":100,""hidden_dim"":64,""lr"":0.0003,""monitor"":""val_mae"",""scheduler_patience"":8,""weight_decay"":1e-05}","CGCNN with RBF edge expansion, BatchNorm, residual CGConv blocks, and target standardization. Params={""batch_size"":128,""cutoff"":8.0,""device"":""cuda"",""early_stopping_patience"":15,""edge_dim"":64,""epochs"":100,""hidden_dim"":64,""lr"":0.0003,""monitor"":""val_mae"",""scheduler_patience"":8,""weight_decay"":1e-05}; model_path=outputs/models/cgcnn/element_set_cgcnn_optimized_B8000_seed43.pt; history_path=outputs/runs/history/element_set_cgcnn_optimized_B8000_seed43.csv; validation MAE=0.261239."
cgcnn_optimized,cgcnn,B8000,8000,0.5283317923656056,15142,absolute_doubling_budgets,42,44,random_iid_seed_42_80_10_10,0.1802958598214989,0.251307494106581,0.8900923634391242,19.05233143504564,8000,1893,1893,eV/unit cell,outputs/runs/predictions/random_iid_cgcnn_optimized_B8000_seed44.csv,outputs/models/cgcnn/random_iid_cgcnn_optimized_B8000_seed44.pt,outputs/runs/history/random_iid_cgcnn_optimized_B8000_seed44.csv,"{""batch_size"":128,""cutoff"":8.0,""device"":""cuda"",""early_stopping_patience"":15,""edge_dim"":64,""epochs"":100,""hidden_dim"":64,""lr"":0.0003,""monitor"":""val_mae"",""scheduler_patience"":8,""weight_decay"":1e-05}","CGCNN with RBF edge expansion, BatchNorm, residual CGConv blocks, and target standardization. Params={""batch_size"":128,""cutoff"":8.0,""device"":""cuda"",""early_stopping_patience"":15,""edge_dim"":64,""epochs"":100,""hidden_dim"":64,""lr"":0.0003,""monitor"":""val_mae"",""scheduler_patience"":8,""weight_decay"":1e-05}; model_path=outputs/models/cgcnn/random_iid_cgcnn_optimized_B8000_seed44.pt; history_path=outputs/runs/history/random_iid_cgcnn_optimized_B8000_seed44.csv; validation MAE=0.175771."
cgcnn_optimized,cgcnn,B8000,8000,0.5283317923656056,15142,absolute_doubling_budgets,42,44,element_set_seed_42_80_10_10,0.2082217037822604,0.2883031137545387,0.853114763235447,23.395629341284955,8000,1893,1893,eV/unit cell,outputs/runs/predictions/element_set_cgcnn_optimized_B8000_seed44.csv,outputs/models/cgcnn/element_set_cgcnn_optimized_B8000_seed44.pt,outputs/runs/history/element_set_cgcnn_optimized_B8000_seed44.csv,"{""batch_size"":128,""cutoff"":8.0,""device"":""cuda"",""early_stopping_patience"":15,""edge_dim"":64,""epochs"":100,""hidden_dim"":64,""lr"":0.0003,""monitor"":""val_mae"",""scheduler_patience"":8,""weight_decay"":1e-05}","CGCNN with RBF edge expansion, BatchNorm, residual CGConv blocks, and target standardization. Params={""batch_size"":128,""cutoff"":8.0,""device"":""cuda"",""early_stopping_patience"":15,""edge_dim"":64,""epochs"":100,""hidden_dim"":64,""lr"":0.0003,""monitor"":""val_mae"",""scheduler_patience"":8,""weight_decay"":1e-05}; model_path=outputs/models/cgcnn/element_set_cgcnn_optimized_B8000_seed44.pt; history_path=outputs/runs/history/element_set_cgcnn_optimized_B8000_seed44.csv; validation MAE=0.202278."
cgcnn_optimized,cgcnn,Bfull,15142,1.0,15142,absolute_doubling_budgets,42,42,random_iid_seed_42_80_10_10,0.0995281683409963,0.1358429810909036,0.9678862222842732,9.778209556800237,15142,1893,1893,eV/unit cell,outputs/runs/predictions/random_iid_cgcnn_optimized_Bfull_seed42.csv,outputs/models/cgcnn/random_iid_cgcnn_optimized_Bfull_seed42.pt,outputs/runs/history/random_iid_cgcnn_optimized_Bfull_seed42.csv,"{""batch_size"":128,""cutoff"":8.0,""device"":""cuda"",""early_stopping_patience"":15,""edge_dim"":64,""epochs"":100,""hidden_dim"":64,""lr"":0.0003,""monitor"":""val_mae"",""scheduler_patience"":8,""weight_decay"":1e-05}","CGCNN with RBF edge expansion, BatchNorm, residual CGConv blocks, and target standardization. Params={""batch_size"":128,""cutoff"":8.0,""device"":""cuda"",""early_stopping_patience"":15,""edge_dim"":64,""epochs"":100,""hidden_dim"":64,""lr"":0.0003,""monitor"":""val_mae"",""scheduler_patience"":8,""weight_decay"":1e-05}; model_path=outputs/models/cgcnn/random_iid_cgcnn_optimized_Bfull_seed42.pt; history_path=outputs/runs/history/random_iid_cgcnn_optimized_Bfull_seed42.csv; validation MAE=0.098799."
cgcnn_optimized,cgcnn,Bfull,15142,1.0,15142,absolute_doubling_budgets,42,42,element_set_seed_42_80_10_10,0.1247594918262624,0.170412221872353,0.9486806721475844,13.039281879382507,15142,1893,1893,eV/unit cell,outputs/runs/predictions/element_set_cgcnn_optimized_Bfull_seed42.csv,outputs/models/cgcnn/element_set_cgcnn_optimized_Bfull_seed42.pt,outputs/runs/history/element_set_cgcnn_optimized_Bfull_seed42.csv,"{""batch_size"":128,""cutoff"":8.0,""device"":""cuda"",""early_stopping_patience"":15,""edge_dim"":64,""epochs"":100,""hidden_dim"":64,""lr"":0.0003,""monitor"":""val_mae"",""scheduler_patience"":8,""weight_decay"":1e-05}","CGCNN with RBF edge expansion, BatchNorm, residual CGConv blocks, and target standardization. Params={""batch_size"":128,""cutoff"":8.0,""device"":""cuda"",""early_stopping_patience"":15,""edge_dim"":64,""epochs"":100,""hidden_dim"":64,""lr"":0.0003,""monitor"":""val_mae"",""scheduler_patience"":8,""weight_decay"":1e-05}; model_path=outputs/models/cgcnn/element_set_cgcnn_optimized_Bfull_seed42.pt; history_path=outputs/runs/history/element_set_cgcnn_optimized_Bfull_seed42.csv; validation MAE=0.121191."
cgcnn_optimized,cgcnn,Bfull,15142,1.0,15142,absolute_doubling_budgets,42,43,random_iid_seed_42_80_10_10,0.1339983390653442,0.1954324202836992,0.933532367406096,13.348649162875232,15142,1893,1893,eV/unit cell,outputs/runs/predictions/random_iid_cgcnn_optimized_Bfull_seed43.csv,outputs/models/cgcnn/random_iid_cgcnn_optimized_Bfull_seed43.pt,outputs/runs/history/random_iid_cgcnn_optimized_Bfull_seed43.csv,"{""batch_size"":128,""cutoff"":8.0,""device"":""cuda"",""early_stopping_patience"":15,""edge_dim"":64,""epochs"":100,""hidden_dim"":64,""lr"":0.0003,""monitor"":""val_mae"",""scheduler_patience"":8,""weight_decay"":1e-05}","CGCNN with RBF edge expansion, BatchNorm, residual CGConv blocks, and target standardization. Params={""batch_size"":128,""cutoff"":8.0,""device"":""cuda"",""early_stopping_patience"":15,""edge_dim"":64,""epochs"":100,""hidden_dim"":64,""lr"":0.0003,""monitor"":""val_mae"",""scheduler_patience"":8,""weight_decay"":1e-05}; model_path=outputs/models/cgcnn/random_iid_cgcnn_optimized_Bfull_seed43.pt; history_path=outputs/runs/history/random_iid_cgcnn_optimized_Bfull_seed43.csv; validation MAE=0.133426."
cgcnn_optimized,cgcnn,Bfull,15142,1.0,15142,absolute_doubling_budgets,42,43,element_set_seed_42_80_10_10,0.1306075728978672,0.1857627217221488,0.9390187091989882,14.00867779133671,15142,1893,1893,eV/unit cell,outputs/runs/predictions/element_set_cgcnn_optimized_Bfull_seed43.csv,outputs/models/cgcnn/element_set_cgcnn_optimized_Bfull_seed43.pt,outputs/runs/history/element_set_cgcnn_optimized_Bfull_seed43.csv,"{""batch_size"":128,""cutoff"":8.0,""device"":""cuda"",""early_stopping_patience"":15,""edge_dim"":64,""epochs"":100,""hidden_dim"":64,""lr"":0.0003,""monitor"":""val_mae"",""scheduler_patience"":8,""weight_decay"":1e-05}","CGCNN with RBF edge expansion, BatchNorm, residual CGConv blocks, and target standardization. Params={""batch_size"":128,""cutoff"":8.0,""device"":""cuda"",""early_stopping_patience"":15,""edge_dim"":64,""epochs"":100,""hidden_dim"":64,""lr"":0.0003,""monitor"":""val_mae"",""scheduler_patience"":8,""weight_decay"":1e-05}; model_path=outputs/models/cgcnn/element_set_cgcnn_optimized_Bfull_seed43.pt; history_path=outputs/runs/history/element_set_cgcnn_optimized_Bfull_seed43.csv; validation MAE=0.130696."
cgcnn_optimized,cgcnn,Bfull,15142,1.0,15142,absolute_doubling_budgets,42,44,random_iid_seed_42_80_10_10,0.1272839273905162,0.183292508036391,0.9415335914104086,12.696134683934634,15142,1893,1893,eV/unit cell,outputs/runs/predictions/random_iid_cgcnn_optimized_Bfull_seed44.csv,outputs/models/cgcnn/random_iid_cgcnn_optimized_Bfull_seed44.pt,outputs/runs/history/random_iid_cgcnn_optimized_Bfull_seed44.csv,"{""batch_size"":128,""cutoff"":8.0,""device"":""cuda"",""early_stopping_patience"":15,""edge_dim"":64,""epochs"":100,""hidden_dim"":64,""lr"":0.0003,""monitor"":""val_mae"",""scheduler_patience"":8,""weight_decay"":1e-05}","CGCNN with RBF edge expansion, BatchNorm, residual CGConv blocks, and target standardization. Params={""batch_size"":128,""cutoff"":8.0,""device"":""cuda"",""early_stopping_patience"":15,""edge_dim"":64,""epochs"":100,""hidden_dim"":64,""lr"":0.0003,""monitor"":""val_mae"",""scheduler_patience"":8,""weight_decay"":1e-05}; model_path=outputs/models/cgcnn/random_iid_cgcnn_optimized_Bfull_seed44.pt; history_path=outputs/runs/history/random_iid_cgcnn_optimized_Bfull_seed44.csv; validation MAE=0.127324."
cgcnn_optimized,cgcnn,Bfull,15142,1.0,15142,absolute_doubling_budgets,42,44,element_set_seed_42_80_10_10,0.151596899370132,0.2149123572924564,0.9183789349594046,16.701259470498453,15142,1893,1893,eV/unit cell,outputs/runs/predictions/element_set_cgcnn_optimized_Bfull_seed44.csv,outputs/models/cgcnn/element_set_cgcnn_optimized_Bfull_seed44.pt,outputs/runs/history/element_set_cgcnn_optimized_Bfull_seed44.csv,"{""batch_size"":128,""cutoff"":8.0,""device"":""cuda"",""early_stopping_patience"":15,""edge_dim"":64,""epochs"":100,""hidden_dim"":64,""lr"":0.0003,""monitor"":""val_mae"",""scheduler_patience"":8,""weight_decay"":1e-05}","CGCNN with RBF edge expansion, BatchNorm, residual CGConv blocks, and target standardization. Params={""batch_size"":128,""cutoff"":8.0,""device"":""cuda"",""early_stopping_patience"":15,""edge_dim"":64,""epochs"":100,""hidden_dim"":64,""lr"":0.0003,""monitor"":""val_mae"",""scheduler_patience"":8,""weight_decay"":1e-05}; model_path=outputs/models/cgcnn/element_set_cgcnn_optimized_Bfull_seed44.pt; history_path=outputs/runs/history/element_set_cgcnn_optimized_Bfull_seed44.csv; validation MAE=0.146078."
descriptor_xgb_expanded,descriptor_baseline,B500,500,0.0330207370228503,15142,absolute_doubling_budgets,42,42,random_iid_seed_42_80_10_10,0.3877680956693912,0.5110450531056173,0.5454984516809701,46.995920387611385,500,1893,1893,eV/unit cell,outputs/runs/predictions/random_iid_descriptor_xgb_expanded_B500_seed42.csv,outputs/models/descriptor_baseline/random_iid_descriptor_xgb_expanded_B500_seed42.pkl,outputs/runs/history/random_iid_descriptor_xgb_expanded_B500_seed42.csv,"{""colsample_bytree"":0.85,""learning_rate"":0.03,""max_depth"":4,""min_child_weight"":2,""n_estimators"":800,""n_jobs"":-1,""objective"":""reg:squarederror"",""random_state"":42,""reg_alpha"":0.0,""reg_lambda"":2.0,""subsample"":0.85,""tree_method"":""hist""}",XGB descriptor baseline with feature_set=expanded; n_features=51; model_path=outputs/models/descriptor_baseline/random_iid_descriptor_xgb_expanded_B500_seed42.pkl; history_path=outputs/runs/history/random_iid_descriptor_xgb_expanded_B500_seed42.csv.
descriptor_xgb_expanded,descriptor_baseline,B500,500,0.0330207370228503,15142,absolute_doubling_budgets,42,42,element_set_seed_42_80_10_10,0.3959714771425415,0.5241909305172017,0.5144225758844754,56.35275261802055,500,1893,1893,eV/unit cell,outputs/runs/predictions/element_set_descriptor_xgb_expanded_B500_seed42.csv,outputs/models/descriptor_baseline/element_set_descriptor_xgb_expanded_B500_seed42.pkl,outputs/runs/history/element_set_descriptor_xgb_expanded_B500_seed42.csv,"{""colsample_bytree"":0.85,""learning_rate"":0.03,""max_depth"":4,""min_child_weight"":2,""n_estimators"":800,""n_jobs"":-1,""objective"":""reg:squarederror"",""random_state"":42,""reg_alpha"":0.0,""reg_lambda"":2.0,""subsample"":0.85,""tree_method"":""hist""}",XGB descriptor baseline with feature_set=expanded; n_features=51; model_path=outputs/models/descriptor_baseline/element_set_descriptor_xgb_expanded_B500_seed42.pkl; history_path=outputs/runs/history/element_set_descriptor_xgb_expanded_B500_seed42.csv.
descriptor_xgb_expanded,descriptor_baseline,B500,500,0.0330207370228503,15142,absolute_doubling_budgets,42,43,random_iid_seed_42_80_10_10,0.3879299613794069,0.5121255067121849,0.5435746019423588,47.06542892564266,500,1893,1893,eV/unit cell,outputs/runs/predictions/random_iid_descriptor_xgb_expanded_B500_seed43.csv,outputs/models/descriptor_baseline/random_iid_descriptor_xgb_expanded_B500_seed43.pkl,outputs/runs/history/random_iid_descriptor_xgb_expanded_B500_seed43.csv,"{""colsample_bytree"":0.85,""learning_rate"":0.03,""max_depth"":4,""min_child_weight"":2,""n_estimators"":800,""n_jobs"":-1,""objective"":""reg:squarederror"",""random_state"":43,""reg_alpha"":0.0,""reg_lambda"":2.0,""subsample"":0.85,""tree_method"":""hist""}",XGB descriptor baseline with feature_set=expanded; n_features=51; model_path=outputs/models/descriptor_baseline/random_iid_descriptor_xgb_expanded_B500_seed43.pkl; history_path=outputs/runs/history/random_iid_descriptor_xgb_expanded_B500_seed43.csv.
descriptor_xgb_expanded,descriptor_baseline,B500,500,0.0330207370228503,15142,absolute_doubling_budgets,42,43,element_set_seed_42_80_10_10,0.3962386559501754,0.5245766826304846,0.5137076400538524,56.6092675473238,500,1893,1893,eV/unit cell,outputs/runs/predictions/element_set_descriptor_xgb_expanded_B500_seed43.csv,outputs/models/descriptor_baseline/element_set_descriptor_xgb_expanded_B500_seed43.pkl,outputs/runs/history/element_set_descriptor_xgb_expanded_B500_seed43.csv,"{""colsample_bytree"":0.85,""learning_rate"":0.03,""max_depth"":4,""min_child_weight"":2,""n_estimators"":800,""n_jobs"":-1,""objective"":""reg:squarederror"",""random_state"":43,""reg_alpha"":0.0,""reg_lambda"":2.0,""subsample"":0.85,""tree_method"":""hist""}",XGB descriptor baseline with feature_set=expanded; n_features=51; model_path=outputs/models/descriptor_baseline/element_set_descriptor_xgb_expanded_B500_seed43.pkl; history_path=outputs/runs/history/element_set_descriptor_xgb_expanded_B500_seed43.csv.
descriptor_xgb_expanded,descriptor_baseline,B500,500,0.0330207370228503,15142,absolute_doubling_budgets,42,44,random_iid_seed_42_80_10_10,0.387467305343175,0.5109618132247211,0.545646499581624,46.38862392540881,500,1893,1893,eV/unit cell,outputs/runs/predictions/random_iid_descriptor_xgb_expanded_B500_seed44.csv,outputs/models/descriptor_baseline/random_iid_descriptor_xgb_expanded_B500_seed44.pkl,outputs/runs/history/random_iid_descriptor_xgb_expanded_B500_seed44.csv,"{""colsample_bytree"":0.85,""learning_rate"":0.03,""max_depth"":4,""min_child_weight"":2,""n_estimators"":800,""n_jobs"":-1,""objective"":""reg:squarederror"",""random_state"":44,""reg_alpha"":0.0,""reg_lambda"":2.0,""subsample"":0.85,""tree_method"":""hist""}",XGB descriptor baseline with feature_set=expanded; n_features=51; model_path=outputs/models/descriptor_baseline/random_iid_descriptor_xgb_expanded_B500_seed44.pkl; history_path=outputs/runs/history/random_iid_descriptor_xgb_expanded_B500_seed44.csv.
descriptor_xgb_expanded,descriptor_baseline,B500,500,0.0330207370228503,15142,absolute_doubling_budgets,42,44,element_set_seed_42_80_10_10,0.3923034848760059,0.5209524014543285,0.5204039798555369,55.56527199446356,500,1893,1893,eV/unit cell,outputs/runs/predictions/element_set_descriptor_xgb_expanded_B500_seed44.csv,outputs/models/descriptor_baseline/element_set_descriptor_xgb_expanded_B500_seed44.pkl,outputs/runs/history/element_set_descriptor_xgb_expanded_B500_seed44.csv,"{""colsample_bytree"":0.85,""learning_rate"":0.03,""max_depth"":4,""min_child_weight"":2,""n_estimators"":800,""n_jobs"":-1,""objective"":""reg:squarederror"",""random_state"":44,""reg_alpha"":0.0,""reg_lambda"":2.0,""subsample"":0.85,""tree_method"":""hist""}",XGB descriptor baseline with feature_set=expanded; n_features=51; model_path=outputs/models/descriptor_baseline/element_set_descriptor_xgb_expanded_B500_seed44.pkl; history_path=outputs/runs/history/element_set_descriptor_xgb_expanded_B500_seed44.csv.
descriptor_xgb_expanded,descriptor_baseline,B2000,2000,0.1320829480914014,15142,absolute_doubling_budgets,42,42,random_iid_seed_42_80_10_10,0.3345305001025658,0.4458114081316028,0.6541248622868485,40.39069334708342,2000,1893,1893,eV/unit cell,outputs/runs/predictions/random_iid_descriptor_xgb_expanded_B2000_seed42.csv,outputs/models/descriptor_baseline/random_iid_descriptor_xgb_expanded_B2000_seed42.pkl,outputs/runs/history/random_iid_descriptor_xgb_expanded_B2000_seed42.csv,"{""colsample_bytree"":0.85,""learning_rate"":0.03,""max_depth"":4,""min_child_weight"":2,""n_estimators"":800,""n_jobs"":-1,""objective"":""reg:squarederror"",""random_state"":42,""reg_alpha"":0.0,""reg_lambda"":2.0,""subsample"":0.85,""tree_method"":""hist""}",XGB descriptor baseline with feature_set=expanded; n_features=51; model_path=outputs/models/descriptor_baseline/random_iid_descriptor_xgb_expanded_B2000_seed42.pkl; history_path=outputs/runs/history/random_iid_descriptor_xgb_expanded_B2000_seed42.csv.
descriptor_xgb_expanded,descriptor_baseline,B2000,2000,0.1320829480914014,15142,absolute_doubling_budgets,42,42,element_set_seed_42_80_10_10,0.3362270515905255,0.4394770000041154,0.6586878219086919,43.17107224660844,2000,1893,1893,eV/unit cell,outputs/runs/predictions/element_set_descriptor_xgb_expanded_B2000_seed42.csv,outputs/models/descriptor_baseline/element_set_descriptor_xgb_expanded_B2000_seed42.pkl,outputs/runs/history/element_set_descriptor_xgb_expanded_B2000_seed42.csv,"{""colsample_bytree"":0.85,""learning_rate"":0.03,""max_depth"":4,""min_child_weight"":2,""n_estimators"":800,""n_jobs"":-1,""objective"":""reg:squarederror"",""random_state"":42,""reg_alpha"":0.0,""reg_lambda"":2.0,""subsample"":0.85,""tree_method"":""hist""}",XGB descriptor baseline with feature_set=expanded; n_features=51; model_path=outputs/models/descriptor_baseline/element_set_descriptor_xgb_expanded_B2000_seed42.pkl; history_path=outputs/runs/history/element_set_descriptor_xgb_expanded_B2000_seed42.csv.
descriptor_xgb_expanded,descriptor_baseline,B2000,2000,0.1320829480914014,15142,absolute_doubling_budgets,42,43,random_iid_seed_42_80_10_10,0.3334755700013988,0.4442560382753994,0.6565340663383326,39.9070668285802,2000,1893,1893,eV/unit cell,outputs/runs/predictions/random_iid_descriptor_xgb_expanded_B2000_seed43.csv,outputs/models/descriptor_baseline/random_iid_descriptor_xgb_expanded_B2000_seed43.pkl,outputs/runs/history/random_iid_descriptor_xgb_expanded_B2000_seed43.csv,"{""colsample_bytree"":0.85,""learning_rate"":0.03,""max_depth"":4,""min_child_weight"":2,""n_estimators"":800,""n_jobs"":-1,""objective"":""reg:squarederror"",""random_state"":43,""reg_alpha"":0.0,""reg_lambda"":2.0,""subsample"":0.85,""tree_method"":""hist""}",XGB descriptor baseline with feature_set=expanded; n_features=51; model_path=outputs/models/descriptor_baseline/random_iid_descriptor_xgb_expanded_B2000_seed43.pkl; history_path=outputs/runs/history/random_iid_descriptor_xgb_expanded_B2000_seed43.csv.
descriptor_xgb_expanded,descriptor_baseline,B2000,2000,0.1320829480914014,15142,absolute_doubling_budgets,42,43,element_set_seed_42_80_10_10,0.3378145819968542,0.4430239734220956,0.6531561984635542,43.50237208020714,2000,1893,1893,eV/unit cell,outputs/runs/predictions/element_set_descriptor_xgb_expanded_B2000_seed43.csv,outputs/models/descriptor_baseline/element_set_descriptor_xgb_expanded_B2000_seed43.pkl,outputs/runs/history/element_set_descriptor_xgb_expanded_B2000_seed43.csv,"{""colsample_bytree"":0.85,""learning_rate"":0.03,""max_depth"":4,""min_child_weight"":2,""n_estimators"":800,""n_jobs"":-1,""objective"":""reg:squarederror"",""random_state"":43,""reg_alpha"":0.0,""reg_lambda"":2.0,""subsample"":0.85,""tree_method"":""hist""}",XGB descriptor baseline with feature_set=expanded; n_features=51; model_path=outputs/models/descriptor_baseline/element_set_descriptor_xgb_expanded_B2000_seed43.pkl; history_path=outputs/runs/history/element_set_descriptor_xgb_expanded_B2000_seed43.csv.
descriptor_xgb_expanded,descriptor_baseline,B2000,2000,0.1320829480914014,15142,absolute_doubling_budgets,42,44,random_iid_seed_42_80_10_10,0.3347206157919785,0.4468690105936406,0.6524818702774162,39.98455098812529,2000,1893,1893,eV/unit cell,outputs/runs/predictions/random_iid_descriptor_xgb_expanded_B2000_seed44.csv,outputs/models/descriptor_baseline/random_iid_descriptor_xgb_expanded_B2000_seed44.pkl,outputs/runs/history/random_iid_descriptor_xgb_expanded_B2000_seed44.csv,"{""colsample_bytree"":0.85,""learning_rate"":0.03,""max_depth"":4,""min_child_weight"":2,""n_estimators"":800,""n_jobs"":-1,""objective"":""reg:squarederror"",""random_state"":44,""reg_alpha"":0.0,""reg_lambda"":2.0,""subsample"":0.85,""tree_method"":""hist""}",XGB descriptor baseline with feature_set=expanded; n_features=51; model_path=outputs/models/descriptor_baseline/random_iid_descriptor_xgb_expanded_B2000_seed44.pkl; history_path=outputs/runs/history/random_iid_descriptor_xgb_expanded_B2000_seed44.csv.
descriptor_xgb_expanded,descriptor_baseline,B2000,2000,0.1320829480914014,15142,absolute_doubling_budgets,42,44,element_set_seed_42_80_10_10,0.3373883620098162,0.4426402607741102,0.6537567561134988,43.50446145422467,2000,1893,1893,eV/unit cell,outputs/runs/predictions/element_set_descriptor_xgb_expanded_B2000_seed44.csv,outputs/models/descriptor_baseline/element_set_descriptor_xgb_expanded_B2000_seed44.pkl,outputs/runs/history/element_set_descriptor_xgb_expanded_B2000_seed44.csv,"{""colsample_bytree"":0.85,""learning_rate"":0.03,""max_depth"":4,""min_child_weight"":2,""n_estimators"":800,""n_jobs"":-1,""objective"":""reg:squarederror"",""random_state"":44,""reg_alpha"":0.0,""reg_lambda"":2.0,""subsample"":0.85,""tree_method"":""hist""}",XGB descriptor baseline with feature_set=expanded; n_features=51; model_path=outputs/models/descriptor_baseline/element_set_descriptor_xgb_expanded_B2000_seed44.pkl; history_path=outputs/runs/history/element_set_descriptor_xgb_expanded_B2000_seed44.csv.
descriptor_xgb_expanded,descriptor_baseline,B8000,8000,0.5283317923656056,15142,absolute_doubling_budgets,42,42,random_iid_seed_42_80_10_10,0.3029502838821682,0.4020143825978394,0.7187450521564498,36.89954267690303,8000,1893,1893,eV/unit cell,outputs/runs/predictions/random_iid_descriptor_xgb_expanded_B8000_seed42.csv,outputs/models/descriptor_baseline/random_iid_descriptor_xgb_expanded_B8000_seed42.pkl,outputs/runs/history/random_iid_descriptor_xgb_expanded_B8000_seed42.csv,"{""colsample_bytree"":0.85,""learning_rate"":0.03,""max_depth"":4,""min_child_weight"":2,""n_estimators"":800,""n_jobs"":-1,""objective"":""reg:squarederror"",""random_state"":42,""reg_alpha"":0.0,""reg_lambda"":2.0,""subsample"":0.85,""tree_method"":""hist""}",XGB descriptor baseline with feature_set=expanded; n_features=51; model_path=outputs/models/descriptor_baseline/random_iid_descriptor_xgb_expanded_B8000_seed42.pkl; history_path=outputs/runs/history/random_iid_descriptor_xgb_expanded_B8000_seed42.csv.
descriptor_xgb_expanded,descriptor_baseline,B8000,8000,0.5283317923656056,15142,absolute_doubling_budgets,42,42,element_set_seed_42_80_10_10,0.3009068564468443,0.3947951368914035,0.724562498297898,39.59704081769807,8000,1893,1893,eV/unit cell,outputs/runs/predictions/element_set_descriptor_xgb_expanded_B8000_seed42.csv,outputs/models/descriptor_baseline/element_set_descriptor_xgb_expanded_B8000_seed42.pkl,outputs/runs/history/element_set_descriptor_xgb_expanded_B8000_seed42.csv,"{""colsample_bytree"":0.85,""learning_rate"":0.03,""max_depth"":4,""min_child_weight"":2,""n_estimators"":800,""n_jobs"":-1,""objective"":""reg:squarederror"",""random_state"":42,""reg_alpha"":0.0,""reg_lambda"":2.0,""subsample"":0.85,""tree_method"":""hist""}",XGB descriptor baseline with feature_set=expanded; n_features=51; model_path=outputs/models/descriptor_baseline/element_set_descriptor_xgb_expanded_B8000_seed42.pkl; history_path=outputs/runs/history/element_set_descriptor_xgb_expanded_B8000_seed42.csv.
descriptor_xgb_expanded,descriptor_baseline,B8000,8000,0.5283317923656056,15142,absolute_doubling_budgets,42,43,random_iid_seed_42_80_10_10,0.3019506206867623,0.4013485764560653,0.7196758954847795,36.954678911457314,8000,1893,1893,eV/unit cell,outputs/runs/predictions/random_iid_descriptor_xgb_expanded_B8000_seed43.csv,outputs/models/descriptor_baseline/random_iid_descriptor_xgb_expanded_B8000_seed43.pkl,outputs/runs/history/random_iid_descriptor_xgb_expanded_B8000_seed43.csv,"{""colsample_bytree"":0.85,""learning_rate"":0.03,""max_depth"":4,""min_child_weight"":2,""n_estimators"":800,""n_jobs"":-1,""objective"":""reg:squarederror"",""random_state"":43,""reg_alpha"":0.0,""reg_lambda"":2.0,""subsample"":0.85,""tree_method"":""hist""}",XGB descriptor baseline with feature_set=expanded; n_features=51; model_path=outputs/models/descriptor_baseline/random_iid_descriptor_xgb_expanded_B8000_seed43.pkl; history_path=outputs/runs/history/random_iid_descriptor_xgb_expanded_B8000_seed43.csv.
descriptor_xgb_expanded,descriptor_baseline,B8000,8000,0.5283317923656056,15142,absolute_doubling_budgets,42,43,element_set_seed_42_80_10_10,0.2986658439762807,0.3930677382239601,0.7269675404840614,38.64063235268884,8000,1893,1893,eV/unit cell,outputs/runs/predictions/element_set_descriptor_xgb_expanded_B8000_seed43.csv,outputs/models/descriptor_baseline/element_set_descriptor_xgb_expanded_B8000_seed43.pkl,outputs/runs/history/element_set_descriptor_xgb_expanded_B8000_seed43.csv,"{""colsample_bytree"":0.85,""learning_rate"":0.03,""max_depth"":4,""min_child_weight"":2,""n_estimators"":800,""n_jobs"":-1,""objective"":""reg:squarederror"",""random_state"":43,""reg_alpha"":0.0,""reg_lambda"":2.0,""subsample"":0.85,""tree_method"":""hist""}",XGB descriptor baseline with feature_set=expanded; n_features=51; model_path=outputs/models/descriptor_baseline/element_set_descriptor_xgb_expanded_B8000_seed43.pkl; history_path=outputs/runs/history/element_set_descriptor_xgb_expanded_B8000_seed43.csv.
descriptor_xgb_expanded,descriptor_baseline,B8000,8000,0.5283317923656056,15142,absolute_doubling_budgets,42,44,random_iid_seed_42_80_10_10,0.3019575189190193,0.4020610654260297,0.718679728430205,36.727019153289206,8000,1893,1893,eV/unit cell,outputs/runs/predictions/random_iid_descriptor_xgb_expanded_B8000_seed44.csv,outputs/models/descriptor_baseline/random_iid_descriptor_xgb_expanded_B8000_seed44.pkl,outputs/runs/history/random_iid_descriptor_xgb_expanded_B8000_seed44.csv,"{""colsample_bytree"":0.85,""learning_rate"":0.03,""max_depth"":4,""min_child_weight"":2,""n_estimators"":800,""n_jobs"":-1,""objective"":""reg:squarederror"",""random_state"":44,""reg_alpha"":0.0,""reg_lambda"":2.0,""subsample"":0.85,""tree_method"":""hist""}",XGB descriptor baseline with feature_set=expanded; n_features=51; model_path=outputs/models/descriptor_baseline/random_iid_descriptor_xgb_expanded_B8000_seed44.pkl; history_path=outputs/runs/history/random_iid_descriptor_xgb_expanded_B8000_seed44.csv.
descriptor_xgb_expanded,descriptor_baseline,B8000,8000,0.5283317923656056,15142,absolute_doubling_budgets,42,44,element_set_seed_42_80_10_10,0.299129850709495,0.3922803288529842,0.7280603443935275,39.016535826817965,8000,1893,1893,eV/unit cell,outputs/runs/predictions/element_set_descriptor_xgb_expanded_B8000_seed44.csv,outputs/models/descriptor_baseline/element_set_descriptor_xgb_expanded_B8000_seed44.pkl,outputs/runs/history/element_set_descriptor_xgb_expanded_B8000_seed44.csv,"{""colsample_bytree"":0.85,""learning_rate"":0.03,""max_depth"":4,""min_child_weight"":2,""n_estimators"":800,""n_jobs"":-1,""objective"":""reg:squarederror"",""random_state"":44,""reg_alpha"":0.0,""reg_lambda"":2.0,""subsample"":0.85,""tree_method"":""hist""}",XGB descriptor baseline with feature_set=expanded; n_features=51; model_path=outputs/models/descriptor_baseline/element_set_descriptor_xgb_expanded_B8000_seed44.pkl; history_path=outputs/runs/history/element_set_descriptor_xgb_expanded_B8000_seed44.csv.
descriptor_xgb_expanded,descriptor_baseline,Bfull,15142,1.0,15142,absolute_doubling_budgets,42,42,random_iid_seed_42_80_10_10,0.2950976217085888,0.3919974395369917,0.7325864248781047,35.867073105824794,15142,1893,1893,eV/unit cell,outputs/runs/predictions/random_iid_descriptor_xgb_expanded_Bfull_seed42.csv,outputs/models/descriptor_baseline/random_iid_descriptor_xgb_expanded_Bfull_seed42.pkl,outputs/runs/history/random_iid_descriptor_xgb_expanded_Bfull_seed42.csv,"{""colsample_bytree"":0.85,""learning_rate"":0.03,""max_depth"":4,""min_child_weight"":2,""n_estimators"":800,""n_jobs"":-1,""objective"":""reg:squarederror"",""random_state"":42,""reg_alpha"":0.0,""reg_lambda"":2.0,""subsample"":0.85,""tree_method"":""hist""}",XGB descriptor baseline with feature_set=expanded; n_features=51; model_path=outputs/models/descriptor_baseline/random_iid_descriptor_xgb_expanded_Bfull_seed42.pkl; history_path=outputs/runs/history/random_iid_descriptor_xgb_expanded_Bfull_seed42.csv.
descriptor_xgb_expanded,descriptor_baseline,Bfull,15142,1.0,15142,absolute_doubling_budgets,42,42,element_set_seed_42_80_10_10,0.2918927981632447,0.3822611892648057,0.7417740433478921,39.114045199852136,15142,1893,1893,eV/unit cell,outputs/runs/predictions/element_set_descriptor_xgb_expanded_Bfull_seed42.csv,outputs/models/descriptor_baseline/element_set_descriptor_xgb_expanded_Bfull_seed42.pkl,outputs/runs/history/element_set_descriptor_xgb_expanded_Bfull_seed42.csv,"{""colsample_bytree"":0.85,""learning_rate"":0.03,""max_depth"":4,""min_child_weight"":2,""n_estimators"":800,""n_jobs"":-1,""objective"":""reg:squarederror"",""random_state"":42,""reg_alpha"":0.0,""reg_lambda"":2.0,""subsample"":0.85,""tree_method"":""hist""}",XGB descriptor baseline with feature_set=expanded; n_features=51; model_path=outputs/models/descriptor_baseline/element_set_descriptor_xgb_expanded_Bfull_seed42.pkl; history_path=outputs/runs/history/element_set_descriptor_xgb_expanded_Bfull_seed42.csv.
descriptor_xgb_expanded,descriptor_baseline,Bfull,15142,1.0,15142,absolute_doubling_budgets,42,43,random_iid_seed_42_80_10_10,0.2964652451716965,0.3924676333624387,0.7319445246597489,35.95974047479248,15142,1893,1893,eV/unit cell,outputs/runs/predictions/random_iid_descriptor_xgb_expanded_Bfull_seed43.csv,outputs/models/descriptor_baseline/random_iid_descriptor_xgb_expanded_Bfull_seed43.pkl,outputs/runs/history/random_iid_descriptor_xgb_expanded_Bfull_seed43.csv,"{""colsample_bytree"":0.85,""learning_rate"":0.03,""max_depth"":4,""min_child_weight"":2,""n_estimators"":800,""n_jobs"":-1,""objective"":""reg:squarederror"",""random_state"":43,""reg_alpha"":0.0,""reg_lambda"":2.0,""subsample"":0.85,""tree_method"":""hist""}",XGB descriptor baseline with feature_set=expanded; n_features=51; model_path=outputs/models/descriptor_baseline/random_iid_descriptor_xgb_expanded_Bfull_seed43.pkl; history_path=outputs/runs/history/random_iid_descriptor_xgb_expanded_Bfull_seed43.csv.
descriptor_xgb_expanded,descriptor_baseline,Bfull,15142,1.0,15142,absolute_doubling_budgets,42,43,element_set_seed_42_80_10_10,0.2923346195822976,0.3834327012833181,0.7401888530263658,38.663732224002,15142,1893,1893,eV/unit cell,outputs/runs/predictions/element_set_descriptor_xgb_expanded_Bfull_seed43.csv,outputs/models/descriptor_baseline/element_set_descriptor_xgb_expanded_Bfull_seed43.pkl,outputs/runs/history/element_set_descriptor_xgb_expanded_Bfull_seed43.csv,"{""colsample_bytree"":0.85,""learning_rate"":0.03,""max_depth"":4,""min_child_weight"":2,""n_estimators"":800,""n_jobs"":-1,""objective"":""reg:squarederror"",""random_state"":43,""reg_alpha"":0.0,""reg_lambda"":2.0,""subsample"":0.85,""tree_method"":""hist""}",XGB descriptor baseline with feature_set=expanded; n_features=51; model_path=outputs/models/descriptor_baseline/element_set_descriptor_xgb_expanded_Bfull_seed43.pkl; history_path=outputs/runs/history/element_set_descriptor_xgb_expanded_Bfull_seed43.csv.
descriptor_xgb_expanded,descriptor_baseline,Bfull,15142,1.0,15142,absolute_doubling_budgets,42,44,random_iid_seed_42_80_10_10,0.2952594378598456,0.3905482764926291,0.7345599559040406,35.9481892595853,15142,1893,1893,eV/unit cell,outputs/runs/predictions/random_iid_descriptor_xgb_expanded_Bfull_seed44.csv,outputs/models/descriptor_baseline/random_iid_descriptor_xgb_expanded_Bfull_seed44.pkl,outputs/runs/history/random_iid_descriptor_xgb_expanded_Bfull_seed44.csv,"{""colsample_bytree"":0.85,""learning_rate"":0.03,""max_depth"":4,""min_child_weight"":2,""n_estimators"":800,""n_jobs"":-1,""objective"":""reg:squarederror"",""random_state"":44,""reg_alpha"":0.0,""reg_lambda"":2.0,""subsample"":0.85,""tree_method"":""hist""}",XGB descriptor baseline with feature_set=expanded; n_features=51; model_path=outputs/models/descriptor_baseline/random_iid_descriptor_xgb_expanded_Bfull_seed44.pkl; history_path=outputs/runs/history/random_iid_descriptor_xgb_expanded_Bfull_seed44.csv.
descriptor_xgb_expanded,descriptor_baseline,Bfull,15142,1.0,15142,absolute_doubling_budgets,42,44,element_set_seed_42_80_10_10,0.2908871308707459,0.3812819660840794,0.74309532302767,38.54568466553982,15142,1893,1893,eV/unit cell,outputs/runs/predictions/element_set_descriptor_xgb_expanded_Bfull_seed44.csv,outputs/models/descriptor_baseline/element_set_descriptor_xgb_expanded_Bfull_seed44.pkl,outputs/runs/history/element_set_descriptor_xgb_expanded_Bfull_seed44.csv,"{""colsample_bytree"":0.85,""learning_rate"":0.03,""max_depth"":4,""min_child_weight"":2,""n_estimators"":800,""n_jobs"":-1,""objective"":""reg:squarederror"",""random_state"":44,""reg_alpha"":0.0,""reg_lambda"":2.0,""subsample"":0.85,""tree_method"":""hist""}",XGB descriptor baseline with feature_set=expanded; n_features=51; model_path=outputs/models/descriptor_baseline/element_set_descriptor_xgb_expanded_Bfull_seed44.pkl; history_path=outputs/runs/history/element_set_descriptor_xgb_expanded_Bfull_seed44.csv.
matgl_megnet_frozen,matgl,B500,500,0.0330207370228503,15142,absolute_doubling_budgets,42,42,element_set_seed_42_80_10_10,0.3054474560281176,0.4021242100377516,0.7142409961258929,33.557544417573624,500,1893,1893,eV/unit cell,outputs/runs/predictions/element_set_matgl_megnet_frozen_B500_seed42.csv,outputs/models/matgl/element_set_matgl_megnet_frozen_B500_seed42,outputs/runs/history/element_set_matgl_megnet_frozen_B500_seed42/metrics.csv,"{""batch_size"":16,""cutoff"":4.0,""device"":""cuda"",""early_stopping_patience"":10,""epochs"":100,""force_reload_cache"":true,""num_workers"":0,""pretrained_model_name"":""MEGNet-Eform-MP-2018.6.1"",""progress_bar"":true,""strategy"":""frozen""}",Fine-tuning of pre-trained MEGNet with Huber loss and early stopping. Strategy=frozen; early_stopping_patience=10; model_path=outputs/models/matgl/element_set_matgl_megnet_frozen_B500_seed42; history_path=outputs/runs/history/element_set_matgl_megnet_frozen_B500_seed42/metrics.csv; validation MAE=0.306662.
matgl_megnet_frozen,matgl,B500,500,0.0330207370228503,15142,absolute_doubling_budgets,42,42,random_iid_seed_42_80_10_10,0.2984946383172975,0.3900582127204817,0.7352256914491195,28.98278420012782,500,1893,1893,eV/unit cell,outputs/runs/predictions/random_iid_matgl_megnet_frozen_B500_seed42.csv,outputs/models/matgl/random_iid_matgl_megnet_frozen_B500_seed42,outputs/runs/history/random_iid_matgl_megnet_frozen_B500_seed42/metrics.csv,"{""batch_size"":16,""cutoff"":4.0,""device"":""cuda"",""early_stopping_patience"":10,""epochs"":100,""force_reload_cache"":true,""num_workers"":0,""pretrained_model_name"":""MEGNet-Eform-MP-2018.6.1"",""progress_bar"":true,""strategy"":""frozen""}",Fine-tuning of pre-trained MEGNet with Huber loss and early stopping. Strategy=frozen; early_stopping_patience=10; model_path=outputs/models/matgl/random_iid_matgl_megnet_frozen_B500_seed42; history_path=outputs/runs/history/random_iid_matgl_megnet_frozen_B500_seed42/metrics.csv; validation MAE=0.294381.
matgl_megnet_frozen,matgl,B2000,2000,0.1320829480914014,15142,absolute_doubling_budgets,42,42,element_set_seed_42_80_10_10,0.2360343678893075,0.314316326575474,0.8254124131309444,25.00961200463836,2000,1893,1893,eV/unit cell,outputs/runs/predictions/element_set_matgl_megnet_frozen_B2000_seed42.csv,outputs/models/matgl/element_set_matgl_megnet_frozen_B2000_seed42,outputs/runs/history/element_set_matgl_megnet_frozen_B2000_seed42/metrics.csv,"{""batch_size"":16,""cutoff"":4.0,""device"":""cuda"",""early_stopping_patience"":10,""epochs"":100,""force_reload_cache"":true,""num_workers"":0,""pretrained_model_name"":""MEGNet-Eform-MP-2018.6.1"",""progress_bar"":true,""strategy"":""frozen""}",Fine-tuning of pre-trained MEGNet with Huber loss and early stopping. Strategy=frozen; early_stopping_patience=10; model_path=outputs/models/matgl/element_set_matgl_megnet_frozen_B2000_seed42; history_path=outputs/runs/history/element_set_matgl_megnet_frozen_B2000_seed42/metrics.csv; validation MAE=0.232815.
matgl_megnet_frozen,matgl,B2000,2000,0.1320829480914014,15142,absolute_doubling_budgets,42,42,random_iid_seed_42_80_10_10,0.2304121160129359,0.3024251344484353,0.8408331012522452,23.372178872007765,2000,1893,1893,eV/unit cell,outputs/runs/predictions/random_iid_matgl_megnet_frozen_B2000_seed42.csv,outputs/models/matgl/random_iid_matgl_megnet_frozen_B2000_seed42,outputs/runs/history/random_iid_matgl_megnet_frozen_B2000_seed42/metrics.csv,"{""batch_size"":16,""cutoff"":4.0,""device"":""cuda"",""early_stopping_patience"":10,""epochs"":100,""force_reload_cache"":true,""num_workers"":0,""pretrained_model_name"":""MEGNet-Eform-MP-2018.6.1"",""progress_bar"":true,""strategy"":""frozen""}",Fine-tuning of pre-trained MEGNet with Huber loss and early stopping. Strategy=frozen; early_stopping_patience=10; model_path=outputs/models/matgl/random_iid_matgl_megnet_frozen_B2000_seed42; history_path=outputs/runs/history/random_iid_matgl_megnet_frozen_B2000_seed42/metrics.csv; validation MAE=0.232928.
matgl_megnet_frozen,matgl,B8000,8000,0.5283317923656056,15142,absolute_doubling_budgets,42,42,element_set_seed_42_80_10_10,0.1780083454568362,0.234564035214736,0.9027695422812552,18.56228908615752,8000,1893,1893,eV/unit cell,outputs/runs/predictions/element_set_matgl_megnet_frozen_B8000_seed42.csv,outputs/models/matgl/element_set_matgl_megnet_frozen_B8000_seed42,outputs/runs/history/element_set_matgl_megnet_frozen_B8000_seed42/metrics.csv,"{""batch_size"":16,""cutoff"":4.0,""device"":""cuda"",""early_stopping_patience"":10,""epochs"":100,""force_reload_cache"":true,""num_workers"":0,""pretrained_model_name"":""MEGNet-Eform-MP-2018.6.1"",""progress_bar"":true,""strategy"":""frozen""}",Fine-tuning of pre-trained MEGNet with Huber loss and early stopping. Strategy=frozen; early_stopping_patience=10; model_path=outputs/models/matgl/element_set_matgl_megnet_frozen_B8000_seed42; history_path=outputs/runs/history/element_set_matgl_megnet_frozen_B8000_seed42/metrics.csv; validation MAE=0.174420.
matgl_megnet_frozen,matgl,B8000,8000,0.5283317923656056,15142,absolute_doubling_budgets,42,42,random_iid_seed_42_80_10_10,0.1793778831053208,0.2369801352549961,0.902267079740954,17.91023143349885,8000,1893,1893,eV/unit cell,outputs/runs/predictions/random_iid_matgl_megnet_frozen_B8000_seed42.csv,outputs/models/matgl/random_iid_matgl_megnet_frozen_B8000_seed42,outputs/runs/history/random_iid_matgl_megnet_frozen_B8000_seed42/metrics.csv,"{""batch_size"":16,""cutoff"":4.0,""device"":""cuda"",""early_stopping_patience"":10,""epochs"":100,""force_reload_cache"":true,""num_workers"":0,""pretrained_model_name"":""MEGNet-Eform-MP-2018.6.1"",""progress_bar"":true,""strategy"":""frozen""}",Fine-tuning of pre-trained MEGNet with Huber loss and early stopping. Strategy=frozen; early_stopping_patience=10; model_path=outputs/models/matgl/random_iid_matgl_megnet_frozen_B8000_seed42; history_path=outputs/runs/history/random_iid_matgl_megnet_frozen_B8000_seed42/metrics.csv; validation MAE=0.175892.
matgl_megnet_frozen,matgl,Bfull,15142,1.0,15142,absolute_doubling_budgets,42,42,element_set_seed_42_80_10_10,0.1576760879560431,0.2034670724463827,0.92684100101499,17.143041222837372,15142,1893,1893,eV/unit cell,outputs/runs/predictions/element_set_matgl_megnet_frozen_Bfull_seed42.csv,outputs/models/matgl/element_set_matgl_megnet_frozen_Bfull_seed42,outputs/runs/history/element_set_matgl_megnet_frozen_Bfull_seed42/metrics.csv,"{""batch_size"":16,""cutoff"":4.0,""device"":""cuda"",""early_stopping_patience"":10,""epochs"":100,""force_reload_cache"":true,""num_workers"":0,""pretrained_model_name"":""MEGNet-Eform-MP-2018.6.1"",""progress_bar"":true,""strategy"":""frozen""}",Fine-tuning of pre-trained MEGNet with Huber loss and early stopping. Strategy=frozen; early_stopping_patience=10; model_path=outputs/models/matgl/element_set_matgl_megnet_frozen_Bfull_seed42; history_path=outputs/runs/history/element_set_matgl_megnet_frozen_Bfull_seed42/metrics.csv; validation MAE=0.160882.
matgl_megnet_frozen,matgl,Bfull,15142,1.0,15142,absolute_doubling_budgets,42,42,random_iid_seed_42_80_10_10,0.1537322283458659,0.1997178629681124,0.9305854024038616,15.19225399814058,15142,1893,1893,eV/unit cell,outputs/runs/predictions/random_iid_matgl_megnet_frozen_Bfull_seed42.csv,outputs/models/matgl/random_iid_matgl_megnet_frozen_Bfull_seed42,outputs/runs/history/random_iid_matgl_megnet_frozen_Bfull_seed42/metrics.csv,"{""batch_size"":16,""cutoff"":4.0,""device"":""cuda"",""early_stopping_patience"":10,""epochs"":100,""force_reload_cache"":true,""num_workers"":0,""pretrained_model_name"":""MEGNet-Eform-MP-2018.6.1"",""progress_bar"":true,""strategy"":""frozen""}",Fine-tuning of pre-trained MEGNet with Huber loss and early stopping. Strategy=frozen; early_stopping_patience=10; model_path=outputs/models/matgl/random_iid_matgl_megnet_frozen_Bfull_seed42; history_path=outputs/runs/history/random_iid_matgl_megnet_frozen_Bfull_seed42/metrics.csv; validation MAE=0.157761.
