sample_id,split_strategy,budget_label,model,y_true,y_pred
3,random_iid,1000,dummy_mean,1.24,1.43198
6,random_iid,1000,dummy_mean,1.56,1.43198
19,random_iid,1000,dummy_mean,0.46,1.43198
35,random_iid,1000,dummy_mean,1.3,1.43198
42,random_iid,1000,dummy_mean,1.4,1.43198
47,random_iid,1000,dummy_mean,0.7,1.43198
57,random_iid,1000,dummy_mean,0.84,1.43198
59,random_iid,1000,dummy_mean,0.64,1.43198
72,random_iid,1000,dummy_mean,0.82,1.43198
88,random_iid,1000,dummy_mean,0.62,1.43198
101,random_iid,1000,dummy_mean,1.48,1.43198
103,random_iid,1000,dummy_mean,0.42,1.43198
119,random_iid,1000,dummy_mean,1.7,1.43198
123,random_iid,1000,dummy_mean,1.0,1.43198
127,random_iid,1000,dummy_mean,0.48,1.43198
134,random_iid,1000,dummy_mean,0.56,1.43198
137,random_iid,1000,dummy_mean,1.6,1.43198
169,random_iid,1000,dummy_mean,-0.04,1.43198
200,random_iid,1000,dummy_mean,2.18,1.43198
217,random_iid,1000,dummy_mean,1.42,1.43198
247,random_iid,1000,dummy_mean,0.84,1.43198
251,random_iid,1000,dummy_mean,0.14,1.43198
273,random_iid,1000,dummy_mean,0.92,1.43198
286,random_iid,1000,dummy_mean,1.14,1.43198
290,random_iid,1000,dummy_mean,1.22,1.43198
291,random_iid,1000,dummy_mean,2.66,1.43198
313,random_iid,1000,dummy_mean,0.82,1.43198
322,random_iid,1000,dummy_mean,1.62,1.43198
323,random_iid,1000,dummy_mean,0.42,1.43198
326,random_iid,1000,dummy_mean,0.32,1.43198
327,random_iid,1000,dummy_mean,1.18,1.43198
344,random_iid,1000,dummy_mean,1.46,1.43198
351,random_iid,1000,dummy_mean,1.62,1.43198
361,random_iid,1000,dummy_mean,0.8,1.43198
379,random_iid,1000,dummy_mean,2.4,1.43198
387,random_iid,1000,dummy_mean,2.02,1.43198
401,random_iid,1000,dummy_mean,0.88,1.43198
409,random_iid,1000,dummy_mean,1.42,1.43198
410,random_iid,1000,dummy_mean,1.0,1.43198
423,random_iid,1000,dummy_mean,0.98,1.43198
424,random_iid,1000,dummy_mean,1.9,1.43198
438,random_iid,1000,dummy_mean,1.3,1.43198
450,random_iid,1000,dummy_mean,1.2,1.43198
460,random_iid,1000,dummy_mean,1.0,1.43198
467,random_iid,1000,dummy_mean,0.08,1.43198
476,random_iid,1000,dummy_mean,0.72,1.43198
485,random_iid,1000,dummy_mean,0.84,1.43198
487,random_iid,1000,dummy_mean,0.6,1.43198
542,random_iid,1000,dummy_mean,2.46,1.43198
549,random_iid,1000,dummy_mean,0.88,1.43198
553,random_iid,1000,dummy_mean,2.56,1.43198
558,random_iid,1000,dummy_mean,1.26,1.43198
563,random_iid,1000,dummy_mean,1.62,1.43198
576,random_iid,1000,dummy_mean,2.2,1.43198
608,random_iid,1000,dummy_mean,1.4,1.43198
621,random_iid,1000,dummy_mean,1.5,1.43198
635,random_iid,1000,dummy_mean,0.96,1.43198
651,random_iid,1000,dummy_mean,2.28,1.43198
657,random_iid,1000,dummy_mean,1.26,1.43198
705,random_iid,1000,dummy_mean,1.0,1.43198
707,random_iid,1000,dummy_mean,0.64,1.43198
708,random_iid,1000,dummy_mean,0.88,1.43198
715,random_iid,1000,dummy_mean,1.98,1.43198
729,random_iid,1000,dummy_mean,0.5,1.43198
733,random_iid,1000,dummy_mean,2.86,1.43198
736,random_iid,1000,dummy_mean,1.8,1.43198
744,random_iid,1000,dummy_mean,1.28,1.43198
751,random_iid,1000,dummy_mean,1.38,1.43198
795,random_iid,1000,dummy_mean,0.56,1.43198
817,random_iid,1000,dummy_mean,0.56,1.43198
820,random_iid,1000,dummy_mean,1.5,1.43198
828,random_iid,1000,dummy_mean,2.26,1.43198
852,random_iid,1000,dummy_mean,2.46,1.43198
856,random_iid,1000,dummy_mean,1.4,1.43198
878,random_iid,1000,dummy_mean,2.66,1.43198
927,random_iid,1000,dummy_mean,0.32,1.43198
928,random_iid,1000,dummy_mean,0.66,1.43198
936,random_iid,1000,dummy_mean,0.84,1.43198
960,random_iid,1000,dummy_mean,1.12,1.43198
963,random_iid,1000,dummy_mean,1.62,1.43198
967,random_iid,1000,dummy_mean,1.58,1.43198
970,random_iid,1000,dummy_mean,1.28,1.43198
971,random_iid,1000,dummy_mean,2.2,1.43198
977,random_iid,1000,dummy_mean,1.24,1.43198
980,random_iid,1000,dummy_mean,1.42,1.43198
1020,random_iid,1000,dummy_mean,0.72,1.43198
1023,random_iid,1000,dummy_mean,1.46,1.43198
1026,random_iid,1000,dummy_mean,2.56,1.43198
1027,random_iid,1000,dummy_mean,1.38,1.43198
1034,random_iid,1000,dummy_mean,0.72,1.43198
1035,random_iid,1000,dummy_mean,1.28,1.43198
1066,random_iid,1000,dummy_mean,1.24,1.43198
1071,random_iid,1000,dummy_mean,1.6,1.43198
1084,random_iid,1000,dummy_mean,2.42,1.43198
1086,random_iid,1000,dummy_mean,0.6,1.43198
1087,random_iid,1000,dummy_mean,0.9,1.43198
1092,random_iid,1000,dummy_mean,0.9,1.43198
1114,random_iid,1000,dummy_mean,1.02,1.43198
1144,random_iid,1000,dummy_mean,2.02,1.43198
1147,random_iid,1000,dummy_mean,2.66,1.43198
1157,random_iid,1000,dummy_mean,3.72,1.43198
1158,random_iid,1000,dummy_mean,2.24,1.43198
1162,random_iid,1000,dummy_mean,0.98,1.43198
1163,random_iid,1000,dummy_mean,2.88,1.43198
1182,random_iid,1000,dummy_mean,0.46,1.43198
1199,random_iid,1000,dummy_mean,2.24,1.43198
1213,random_iid,1000,dummy_mean,1.48,1.43198
1261,random_iid,1000,dummy_mean,1.4,1.43198
1272,random_iid,1000,dummy_mean,1.16,1.43198
1290,random_iid,1000,dummy_mean,1.46,1.43198
1297,random_iid,1000,dummy_mean,1.48,1.43198
1303,random_iid,1000,dummy_mean,2.28,1.43198
1321,random_iid,1000,dummy_mean,1.18,1.43198
1323,random_iid,1000,dummy_mean,2.54,1.43198
1328,random_iid,1000,dummy_mean,0.12,1.43198
1346,random_iid,1000,dummy_mean,2.52,1.43198
1347,random_iid,1000,dummy_mean,1.38,1.43198
1350,random_iid,1000,dummy_mean,1.38,1.43198
1383,random_iid,1000,dummy_mean,0.66,1.43198
1396,random_iid,1000,dummy_mean,1.56,1.43198
1397,random_iid,1000,dummy_mean,1.18,1.43198
1419,random_iid,1000,dummy_mean,1.4,1.43198
1427,random_iid,1000,dummy_mean,3.78,1.43198
1429,random_iid,1000,dummy_mean,1.94,1.43198
1430,random_iid,1000,dummy_mean,0.62,1.43198
1444,random_iid,1000,dummy_mean,2.44,1.43198
1450,random_iid,1000,dummy_mean,0.86,1.43198
1453,random_iid,1000,dummy_mean,0.78,1.43198
1456,random_iid,1000,dummy_mean,1.64,1.43198
1493,random_iid,1000,dummy_mean,1.04,1.43198
1510,random_iid,1000,dummy_mean,1.84,1.43198
1512,random_iid,1000,dummy_mean,0.94,1.43198
1527,random_iid,1000,dummy_mean,0.82,1.43198
1554,random_iid,1000,dummy_mean,1.0,1.43198
1557,random_iid,1000,dummy_mean,1.0,1.43198
1580,random_iid,1000,dummy_mean,1.88,1.43198
1599,random_iid,1000,dummy_mean,1.02,1.43198
1611,random_iid,1000,dummy_mean,1.16,1.43198
1624,random_iid,1000,dummy_mean,0.94,1.43198
1632,random_iid,1000,dummy_mean,1.02,1.43198
1640,random_iid,1000,dummy_mean,0.82,1.43198
1697,random_iid,1000,dummy_mean,0.62,1.43198
1704,random_iid,1000,dummy_mean,2.56,1.43198
1705,random_iid,1000,dummy_mean,0.94,1.43198
1710,random_iid,1000,dummy_mean,1.74,1.43198
1712,random_iid,1000,dummy_mean,2.62,1.43198
1722,random_iid,1000,dummy_mean,1.42,1.43198
1729,random_iid,1000,dummy_mean,1.04,1.43198
1730,random_iid,1000,dummy_mean,1.52,1.43198
1747,random_iid,1000,dummy_mean,0.54,1.43198
1768,random_iid,1000,dummy_mean,1.36,1.43198
1804,random_iid,1000,dummy_mean,0.52,1.43198
1807,random_iid,1000,dummy_mean,2.22,1.43198
1838,random_iid,1000,dummy_mean,1.28,1.43198
1862,random_iid,1000,dummy_mean,0.68,1.43198
1869,random_iid,1000,dummy_mean,0.9,1.43198
1901,random_iid,1000,dummy_mean,0.7,1.43198
1905,random_iid,1000,dummy_mean,1.34,1.43198
1944,random_iid,1000,dummy_mean,0.62,1.43198
1952,random_iid,1000,dummy_mean,0.22,1.43198
1957,random_iid,1000,dummy_mean,2.22,1.43198
1981,random_iid,1000,dummy_mean,1.96,1.43198
1983,random_iid,1000,dummy_mean,1.16,1.43198
2008,random_iid,1000,dummy_mean,1.62,1.43198
2020,random_iid,1000,dummy_mean,2.04,1.43198
2026,random_iid,1000,dummy_mean,0.82,1.43198
2043,random_iid,1000,dummy_mean,0.66,1.43198
2066,random_iid,1000,dummy_mean,0.72,1.43198
2078,random_iid,1000,dummy_mean,1.12,1.43198
2111,random_iid,1000,dummy_mean,1.56,1.43198
2112,random_iid,1000,dummy_mean,2.36,1.43198
2117,random_iid,1000,dummy_mean,1.6,1.43198
2119,random_iid,1000,dummy_mean,1.0,1.43198
2127,random_iid,1000,dummy_mean,1.84,1.43198
2129,random_iid,1000,dummy_mean,1.24,1.43198
2136,random_iid,1000,dummy_mean,1.32,1.43198
2145,random_iid,1000,dummy_mean,1.6,1.43198
2152,random_iid,1000,dummy_mean,0.82,1.43198
2167,random_iid,1000,dummy_mean,2.98,1.43198
2174,random_iid,1000,dummy_mean,2.36,1.43198
2177,random_iid,1000,dummy_mean,1.36,1.43198
2189,random_iid,1000,dummy_mean,1.44,1.43198
2214,random_iid,1000,dummy_mean,2.9,1.43198
2221,random_iid,1000,dummy_mean,0.22,1.43198
2232,random_iid,1000,dummy_mean,2.0,1.43198
2238,random_iid,1000,dummy_mean,0.84,1.43198
2247,random_iid,1000,dummy_mean,0.56,1.43198
2250,random_iid,1000,dummy_mean,1.46,1.43198
2255,random_iid,1000,dummy_mean,0.7,1.43198
2266,random_iid,1000,dummy_mean,1.88,1.43198
2267,random_iid,1000,dummy_mean,1.16,1.43198
2270,random_iid,1000,dummy_mean,1.46,1.43198
2271,random_iid,1000,dummy_mean,1.46,1.43198
2279,random_iid,1000,dummy_mean,1.26,1.43198
2281,random_iid,1000,dummy_mean,1.98,1.43198
2298,random_iid,1000,dummy_mean,1.52,1.43198
2300,random_iid,1000,dummy_mean,1.16,1.43198
2301,random_iid,1000,dummy_mean,4.0,1.43198
2308,random_iid,1000,dummy_mean,1.82,1.43198
2312,random_iid,1000,dummy_mean,1.74,1.43198
2315,random_iid,1000,dummy_mean,0.82,1.43198
2319,random_iid,1000,dummy_mean,0.98,1.43198
2325,random_iid,1000,dummy_mean,1.7,1.43198
2334,random_iid,1000,dummy_mean,0.38,1.43198
2360,random_iid,1000,dummy_mean,1.82,1.43198
2388,random_iid,1000,dummy_mean,2.92,1.43198
2392,random_iid,1000,dummy_mean,0.74,1.43198
2403,random_iid,1000,dummy_mean,1.64,1.43198
2405,random_iid,1000,dummy_mean,2.14,1.43198
2408,random_iid,1000,dummy_mean,1.26,1.43198
2414,random_iid,1000,dummy_mean,0.76,1.43198
2439,random_iid,1000,dummy_mean,0.84,1.43198
2445,random_iid,1000,dummy_mean,1.0,1.43198
2448,random_iid,1000,dummy_mean,0.78,1.43198
2458,random_iid,1000,dummy_mean,0.26,1.43198
2480,random_iid,1000,dummy_mean,2.36,1.43198
2483,random_iid,1000,dummy_mean,0.58,1.43198
2485,random_iid,1000,dummy_mean,2.82,1.43198
2495,random_iid,1000,dummy_mean,1.34,1.43198
2498,random_iid,1000,dummy_mean,0.6,1.43198
2501,random_iid,1000,dummy_mean,2.4,1.43198
2503,random_iid,1000,dummy_mean,1.2,1.43198
2516,random_iid,1000,dummy_mean,1.24,1.43198
2519,random_iid,1000,dummy_mean,1.62,1.43198
2534,random_iid,1000,dummy_mean,0.82,1.43198
2540,random_iid,1000,dummy_mean,0.86,1.43198
2554,random_iid,1000,dummy_mean,3.26,1.43198
2583,random_iid,1000,dummy_mean,1.34,1.43198
2585,random_iid,1000,dummy_mean,1.52,1.43198
2589,random_iid,1000,dummy_mean,0.96,1.43198
2602,random_iid,1000,dummy_mean,1.3,1.43198
2605,random_iid,1000,dummy_mean,1.88,1.43198
2609,random_iid,1000,dummy_mean,1.22,1.43198
2614,random_iid,1000,dummy_mean,1.42,1.43198
2616,random_iid,1000,dummy_mean,2.0,1.43198
2626,random_iid,1000,dummy_mean,1.46,1.43198
2635,random_iid,1000,dummy_mean,2.18,1.43198
2647,random_iid,1000,dummy_mean,1.0,1.43198
2662,random_iid,1000,dummy_mean,1.46,1.43198
2676,random_iid,1000,dummy_mean,0.76,1.43198
2677,random_iid,1000,dummy_mean,1.28,1.43198
2678,random_iid,1000,dummy_mean,2.12,1.43198
2680,random_iid,1000,dummy_mean,2.66,1.43198
2684,random_iid,1000,dummy_mean,1.9,1.43198
2697,random_iid,1000,dummy_mean,2.0,1.43198
2698,random_iid,1000,dummy_mean,0.92,1.43198
2704,random_iid,1000,dummy_mean,1.24,1.43198
2712,random_iid,1000,dummy_mean,1.3,1.43198
2730,random_iid,1000,dummy_mean,1.46,1.43198
2740,random_iid,1000,dummy_mean,1.16,1.43198
2771,random_iid,1000,dummy_mean,0.94,1.43198
2796,random_iid,1000,dummy_mean,2.76,1.43198
2797,random_iid,1000,dummy_mean,1.14,1.43198
2805,random_iid,1000,dummy_mean,1.4,1.43198
2826,random_iid,1000,dummy_mean,1.3,1.43198
2848,random_iid,1000,dummy_mean,1.8,1.43198
2856,random_iid,1000,dummy_mean,1.4,1.43198
2862,random_iid,1000,dummy_mean,0.56,1.43198
2878,random_iid,1000,dummy_mean,2.96,1.43198
2879,random_iid,1000,dummy_mean,1.78,1.43198
2929,random_iid,1000,dummy_mean,1.08,1.43198
2937,random_iid,1000,dummy_mean,2.2,1.43198
2948,random_iid,1000,dummy_mean,1.24,1.43198
2954,random_iid,1000,dummy_mean,1.48,1.43198
2958,random_iid,1000,dummy_mean,1.26,1.43198
2959,random_iid,1000,dummy_mean,1.54,1.43198
2968,random_iid,1000,dummy_mean,2.42,1.43198
2974,random_iid,1000,dummy_mean,0.72,1.43198
2981,random_iid,1000,dummy_mean,0.84,1.43198
2998,random_iid,1000,dummy_mean,2.14,1.43198
3011,random_iid,1000,dummy_mean,1.64,1.43198
3015,random_iid,1000,dummy_mean,2.24,1.43198
3023,random_iid,1000,dummy_mean,0.98,1.43198
3043,random_iid,1000,dummy_mean,1.22,1.43198
3048,random_iid,1000,dummy_mean,0.48,1.43198
3059,random_iid,1000,dummy_mean,3.44,1.43198
3073,random_iid,1000,dummy_mean,2.14,1.43198
3077,random_iid,1000,dummy_mean,1.56,1.43198
3105,random_iid,1000,dummy_mean,1.84,1.43198
3106,random_iid,1000,dummy_mean,0.42,1.43198
3128,random_iid,1000,dummy_mean,1.34,1.43198
3165,random_iid,1000,dummy_mean,1.34,1.43198
3169,random_iid,1000,dummy_mean,4.58,1.43198
3194,random_iid,1000,dummy_mean,2.82,1.43198
3200,random_iid,1000,dummy_mean,1.22,1.43198
3207,random_iid,1000,dummy_mean,1.38,1.43198
3230,random_iid,1000,dummy_mean,2.12,1.43198
3233,random_iid,1000,dummy_mean,3.1,1.43198
3234,random_iid,1000,dummy_mean,0.78,1.43198
3245,random_iid,1000,dummy_mean,1.46,1.43198
3248,random_iid,1000,dummy_mean,1.06,1.43198
3263,random_iid,1000,dummy_mean,0.48,1.43198
3268,random_iid,1000,dummy_mean,1.34,1.43198
3274,random_iid,1000,dummy_mean,0.34,1.43198
3282,random_iid,1000,dummy_mean,0.46,1.43198
3287,random_iid,1000,dummy_mean,1.58,1.43198
3295,random_iid,1000,dummy_mean,1.78,1.43198
3298,random_iid,1000,dummy_mean,0.42,1.43198
3310,random_iid,1000,dummy_mean,0.94,1.43198
3323,random_iid,1000,dummy_mean,1.14,1.43198
3341,random_iid,1000,dummy_mean,0.0,1.43198
3350,random_iid,1000,dummy_mean,1.6,1.43198
3352,random_iid,1000,dummy_mean,1.54,1.43198
3353,random_iid,1000,dummy_mean,0.34,1.43198
3379,random_iid,1000,dummy_mean,2.1,1.43198
3421,random_iid,1000,dummy_mean,0.3,1.43198
3425,random_iid,1000,dummy_mean,2.16,1.43198
3429,random_iid,1000,dummy_mean,1.7,1.43198
3461,random_iid,1000,dummy_mean,2.12,1.43198
3468,random_iid,1000,dummy_mean,1.28,1.43198
3472,random_iid,1000,dummy_mean,2.58,1.43198
3477,random_iid,1000,dummy_mean,0.1,1.43198
3485,random_iid,1000,dummy_mean,1.96,1.43198
3486,random_iid,1000,dummy_mean,1.58,1.43198
3526,random_iid,1000,dummy_mean,2.2,1.43198
3528,random_iid,1000,dummy_mean,3.0,1.43198
3532,random_iid,1000,dummy_mean,1.06,1.43198
3545,random_iid,1000,dummy_mean,0.2,1.43198
3547,random_iid,1000,dummy_mean,1.6,1.43198
3562,random_iid,1000,dummy_mean,1.38,1.43198
3570,random_iid,1000,dummy_mean,2.66,1.43198
3572,random_iid,1000,dummy_mean,1.74,1.43198
3585,random_iid,1000,dummy_mean,2.34,1.43198
3588,random_iid,1000,dummy_mean,2.94,1.43198
3608,random_iid,1000,dummy_mean,0.76,1.43198
3616,random_iid,1000,dummy_mean,2.02,1.43198
3617,random_iid,1000,dummy_mean,2.34,1.43198
3623,random_iid,1000,dummy_mean,1.98,1.43198
3635,random_iid,1000,dummy_mean,0.64,1.43198
3651,random_iid,1000,dummy_mean,2.9,1.43198
3656,random_iid,1000,dummy_mean,0.98,1.43198
3684,random_iid,1000,dummy_mean,0.36,1.43198
3703,random_iid,1000,dummy_mean,1.32,1.43198
3704,random_iid,1000,dummy_mean,1.32,1.43198
3707,random_iid,1000,dummy_mean,2.64,1.43198
3721,random_iid,1000,dummy_mean,1.94,1.43198
3725,random_iid,1000,dummy_mean,2.88,1.43198
3733,random_iid,1000,dummy_mean,1.3,1.43198
3739,random_iid,1000,dummy_mean,3.46,1.43198
3746,random_iid,1000,dummy_mean,1.4,1.43198
3753,random_iid,1000,dummy_mean,1.28,1.43198
3755,random_iid,1000,dummy_mean,1.44,1.43198
3776,random_iid,1000,dummy_mean,1.58,1.43198
3781,random_iid,1000,dummy_mean,1.28,1.43198
3788,random_iid,1000,dummy_mean,2.04,1.43198
3798,random_iid,1000,dummy_mean,0.56,1.43198
3821,random_iid,1000,dummy_mean,0.96,1.43198
3844,random_iid,1000,dummy_mean,2.94,1.43198
3848,random_iid,1000,dummy_mean,-0.08,1.43198
3851,random_iid,1000,dummy_mean,0.94,1.43198
3857,random_iid,1000,dummy_mean,0.9,1.43198
3860,random_iid,1000,dummy_mean,1.36,1.43198
3865,random_iid,1000,dummy_mean,1.94,1.43198
3886,random_iid,1000,dummy_mean,0.7,1.43198
3894,random_iid,1000,dummy_mean,0.4,1.43198
3910,random_iid,1000,dummy_mean,0.86,1.43198
3919,random_iid,1000,dummy_mean,0.08,1.43198
3934,random_iid,1000,dummy_mean,2.8,1.43198
3938,random_iid,1000,dummy_mean,2.26,1.43198
3948,random_iid,1000,dummy_mean,1.78,1.43198
3974,random_iid,1000,dummy_mean,2.74,1.43198
3975,random_iid,1000,dummy_mean,1.24,1.43198
3984,random_iid,1000,dummy_mean,1.2,1.43198
4010,random_iid,1000,dummy_mean,0.56,1.43198
4032,random_iid,1000,dummy_mean,2.3,1.43198
4046,random_iid,1000,dummy_mean,1.1,1.43198
4049,random_iid,1000,dummy_mean,2.26,1.43198
4058,random_iid,1000,dummy_mean,1.24,1.43198
4061,random_iid,1000,dummy_mean,1.46,1.43198
4069,random_iid,1000,dummy_mean,1.68,1.43198
4073,random_iid,1000,dummy_mean,1.98,1.43198
4093,random_iid,1000,dummy_mean,2.34,1.43198
4097,random_iid,1000,dummy_mean,1.48,1.43198
4101,random_iid,1000,dummy_mean,1.32,1.43198
4105,random_iid,1000,dummy_mean,3.9,1.43198
4110,random_iid,1000,dummy_mean,1.88,1.43198
4115,random_iid,1000,dummy_mean,0.76,1.43198
4126,random_iid,1000,dummy_mean,2.48,1.43198
4128,random_iid,1000,dummy_mean,1.46,1.43198
4149,random_iid,1000,dummy_mean,1.82,1.43198
4153,random_iid,1000,dummy_mean,1.12,1.43198
4156,random_iid,1000,dummy_mean,2.56,1.43198
4166,random_iid,1000,dummy_mean,1.78,1.43198
4178,random_iid,1000,dummy_mean,1.86,1.43198
4193,random_iid,1000,dummy_mean,0.44,1.43198
4205,random_iid,1000,dummy_mean,1.5,1.43198
4245,random_iid,1000,dummy_mean,2.14,1.43198
4269,random_iid,1000,dummy_mean,1.58,1.43198
4286,random_iid,1000,dummy_mean,2.04,1.43198
4291,random_iid,1000,dummy_mean,0.62,1.43198
4304,random_iid,1000,dummy_mean,1.92,1.43198
4318,random_iid,1000,dummy_mean,1.92,1.43198
4325,random_iid,1000,dummy_mean,1.62,1.43198
4328,random_iid,1000,dummy_mean,2.08,1.43198
4333,random_iid,1000,dummy_mean,1.86,1.43198
4338,random_iid,1000,dummy_mean,2.14,1.43198
4339,random_iid,1000,dummy_mean,1.68,1.43198
4344,random_iid,1000,dummy_mean,2.98,1.43198
4351,random_iid,1000,dummy_mean,1.26,1.43198
4375,random_iid,1000,dummy_mean,1.22,1.43198
4385,random_iid,1000,dummy_mean,1.14,1.43198
4393,random_iid,1000,dummy_mean,1.0,1.43198
4400,random_iid,1000,dummy_mean,1.14,1.43198
4401,random_iid,1000,dummy_mean,1.0,1.43198
4407,random_iid,1000,dummy_mean,1.22,1.43198
4411,random_iid,1000,dummy_mean,0.88,1.43198
4438,random_iid,1000,dummy_mean,3.22,1.43198
4445,random_iid,1000,dummy_mean,0.48,1.43198
4462,random_iid,1000,dummy_mean,0.72,1.43198
4475,random_iid,1000,dummy_mean,2.42,1.43198
4488,random_iid,1000,dummy_mean,2.5,1.43198
4501,random_iid,1000,dummy_mean,0.78,1.43198
4510,random_iid,1000,dummy_mean,0.96,1.43198
4525,random_iid,1000,dummy_mean,1.74,1.43198
4547,random_iid,1000,dummy_mean,0.44,1.43198
4548,random_iid,1000,dummy_mean,1.92,1.43198
4572,random_iid,1000,dummy_mean,1.68,1.43198
4574,random_iid,1000,dummy_mean,0.38,1.43198
4577,random_iid,1000,dummy_mean,1.9,1.43198
4590,random_iid,1000,dummy_mean,1.16,1.43198
4596,random_iid,1000,dummy_mean,2.6,1.43198
4600,random_iid,1000,dummy_mean,1.84,1.43198
4602,random_iid,1000,dummy_mean,2.42,1.43198
4614,random_iid,1000,dummy_mean,1.94,1.43198
4618,random_iid,1000,dummy_mean,1.1,1.43198
4629,random_iid,1000,dummy_mean,0.68,1.43198
4634,random_iid,1000,dummy_mean,1.24,1.43198
4638,random_iid,1000,dummy_mean,0.8,1.43198
4667,random_iid,1000,dummy_mean,0.22,1.43198
4693,random_iid,1000,dummy_mean,1.08,1.43198
4706,random_iid,1000,dummy_mean,1.48,1.43198
4720,random_iid,1000,dummy_mean,3.54,1.43198
4730,random_iid,1000,dummy_mean,1.54,1.43198
4731,random_iid,1000,dummy_mean,2.42,1.43198
4738,random_iid,1000,dummy_mean,2.06,1.43198
4739,random_iid,1000,dummy_mean,0.58,1.43198
4743,random_iid,1000,dummy_mean,0.02,1.43198
4762,random_iid,1000,dummy_mean,1.34,1.43198
4771,random_iid,1000,dummy_mean,1.1,1.43198
4788,random_iid,1000,dummy_mean,1.64,1.43198
4822,random_iid,1000,dummy_mean,0.26,1.43198
4824,random_iid,1000,dummy_mean,1.4,1.43198
4828,random_iid,1000,dummy_mean,1.78,1.43198
4836,random_iid,1000,dummy_mean,2.4,1.43198
4843,random_iid,1000,dummy_mean,1.54,1.43198
4856,random_iid,1000,dummy_mean,1.38,1.43198
4860,random_iid,1000,dummy_mean,0.1,1.43198
4881,random_iid,1000,dummy_mean,0.44,1.43198
4884,random_iid,1000,dummy_mean,0.42,1.43198
4899,random_iid,1000,dummy_mean,1.08,1.43198
4909,random_iid,1000,dummy_mean,2.12,1.43198
4918,random_iid,1000,dummy_mean,3.64,1.43198
4929,random_iid,1000,dummy_mean,0.96,1.43198
4935,random_iid,1000,dummy_mean,0.96,1.43198
4936,random_iid,1000,dummy_mean,-0.42,1.43198
4954,random_iid,1000,dummy_mean,0.96,1.43198
4973,random_iid,1000,dummy_mean,0.84,1.43198
4977,random_iid,1000,dummy_mean,2.2,1.43198
4981,random_iid,1000,dummy_mean,1.6,1.43198
4982,random_iid,1000,dummy_mean,0.58,1.43198
4983,random_iid,1000,dummy_mean,2.7,1.43198
4989,random_iid,1000,dummy_mean,2.0,1.43198
4999,random_iid,1000,dummy_mean,0.98,1.43198
5000,random_iid,1000,dummy_mean,1.22,1.43198
5019,random_iid,1000,dummy_mean,1.76,1.43198
5020,random_iid,1000,dummy_mean,1.1,1.43198
5022,random_iid,1000,dummy_mean,0.42,1.43198
5026,random_iid,1000,dummy_mean,1.26,1.43198
5028,random_iid,1000,dummy_mean,0.52,1.43198
5035,random_iid,1000,dummy_mean,1.18,1.43198
5038,random_iid,1000,dummy_mean,1.8,1.43198
5069,random_iid,1000,dummy_mean,1.98,1.43198
5094,random_iid,1000,dummy_mean,1.02,1.43198
5106,random_iid,1000,dummy_mean,1.98,1.43198
5107,random_iid,1000,dummy_mean,1.2,1.43198
5112,random_iid,1000,dummy_mean,1.8,1.43198
5116,random_iid,1000,dummy_mean,0.16,1.43198
5118,random_iid,1000,dummy_mean,0.8,1.43198
5129,random_iid,1000,dummy_mean,0.62,1.43198
5133,random_iid,1000,dummy_mean,3.42,1.43198
5148,random_iid,1000,dummy_mean,1.08,1.43198
5170,random_iid,1000,dummy_mean,2.76,1.43198
5182,random_iid,1000,dummy_mean,2.68,1.43198
5186,random_iid,1000,dummy_mean,1.82,1.43198
5194,random_iid,1000,dummy_mean,3.48,1.43198
5195,random_iid,1000,dummy_mean,1.76,1.43198
5203,random_iid,1000,dummy_mean,1.44,1.43198
5217,random_iid,1000,dummy_mean,1.38,1.43198
5219,random_iid,1000,dummy_mean,2.18,1.43198
5224,random_iid,1000,dummy_mean,0.86,1.43198
5230,random_iid,1000,dummy_mean,1.06,1.43198
5267,random_iid,1000,dummy_mean,0.84,1.43198
5280,random_iid,1000,dummy_mean,1.04,1.43198
5282,random_iid,1000,dummy_mean,2.06,1.43198
5337,random_iid,1000,dummy_mean,0.82,1.43198
5343,random_iid,1000,dummy_mean,1.04,1.43198
5348,random_iid,1000,dummy_mean,1.68,1.43198
5358,random_iid,1000,dummy_mean,1.52,1.43198
5363,random_iid,1000,dummy_mean,0.88,1.43198
5380,random_iid,1000,dummy_mean,1.72,1.43198
5386,random_iid,1000,dummy_mean,1.86,1.43198
5391,random_iid,1000,dummy_mean,2.34,1.43198
5416,random_iid,1000,dummy_mean,1.82,1.43198
5421,random_iid,1000,dummy_mean,2.44,1.43198
5426,random_iid,1000,dummy_mean,0.86,1.43198
5441,random_iid,1000,dummy_mean,1.2,1.43198
5446,random_iid,1000,dummy_mean,1.32,1.43198
5458,random_iid,1000,dummy_mean,2.72,1.43198
5460,random_iid,1000,dummy_mean,1.58,1.43198
5465,random_iid,1000,dummy_mean,1.08,1.43198
5466,random_iid,1000,dummy_mean,1.2,1.43198
5474,random_iid,1000,dummy_mean,1.28,1.43198
5483,random_iid,1000,dummy_mean,1.24,1.43198
5496,random_iid,1000,dummy_mean,0.5,1.43198
5514,random_iid,1000,dummy_mean,1.48,1.43198
5527,random_iid,1000,dummy_mean,2.26,1.43198
5537,random_iid,1000,dummy_mean,1.48,1.43198
5547,random_iid,1000,dummy_mean,0.78,1.43198
5548,random_iid,1000,dummy_mean,2.1,1.43198
5549,random_iid,1000,dummy_mean,1.16,1.43198
5564,random_iid,1000,dummy_mean,1.28,1.43198
5568,random_iid,1000,dummy_mean,0.58,1.43198
5572,random_iid,1000,dummy_mean,0.98,1.43198
5589,random_iid,1000,dummy_mean,1.14,1.43198
5597,random_iid,1000,dummy_mean,1.26,1.43198
5620,random_iid,1000,dummy_mean,0.7,1.43198
5654,random_iid,1000,dummy_mean,2.7,1.43198
5659,random_iid,1000,dummy_mean,2.56,1.43198
5671,random_iid,1000,dummy_mean,1.9,1.43198
5683,random_iid,1000,dummy_mean,1.34,1.43198
5701,random_iid,1000,dummy_mean,1.04,1.43198
5707,random_iid,1000,dummy_mean,1.24,1.43198
5709,random_iid,1000,dummy_mean,1.48,1.43198
5732,random_iid,1000,dummy_mean,1.4,1.43198
5748,random_iid,1000,dummy_mean,1.12,1.43198
5761,random_iid,1000,dummy_mean,1.48,1.43198
5762,random_iid,1000,dummy_mean,0.8,1.43198
5764,random_iid,1000,dummy_mean,0.96,1.43198
5770,random_iid,1000,dummy_mean,1.54,1.43198
5786,random_iid,1000,dummy_mean,2.34,1.43198
5787,random_iid,1000,dummy_mean,1.48,1.43198
5800,random_iid,1000,dummy_mean,1.98,1.43198
5803,random_iid,1000,dummy_mean,2.86,1.43198
5814,random_iid,1000,dummy_mean,0.34,1.43198
5815,random_iid,1000,dummy_mean,1.66,1.43198
5833,random_iid,1000,dummy_mean,1.46,1.43198
5841,random_iid,1000,dummy_mean,2.36,1.43198
5847,random_iid,1000,dummy_mean,1.66,1.43198
5849,random_iid,1000,dummy_mean,1.64,1.43198
5858,random_iid,1000,dummy_mean,0.98,1.43198
5862,random_iid,1000,dummy_mean,1.62,1.43198
5863,random_iid,1000,dummy_mean,1.42,1.43198
5885,random_iid,1000,dummy_mean,0.96,1.43198
5888,random_iid,1000,dummy_mean,2.08,1.43198
5894,random_iid,1000,dummy_mean,2.4,1.43198
5915,random_iid,1000,dummy_mean,0.64,1.43198
5921,random_iid,1000,dummy_mean,0.74,1.43198
5927,random_iid,1000,dummy_mean,0.32,1.43198
5928,random_iid,1000,dummy_mean,2.2,1.43198
5937,random_iid,1000,dummy_mean,2.02,1.43198
5942,random_iid,1000,dummy_mean,2.32,1.43198
5954,random_iid,1000,dummy_mean,1.6,1.43198
5963,random_iid,1000,dummy_mean,2.22,1.43198
5971,random_iid,1000,dummy_mean,2.62,1.43198
5990,random_iid,1000,dummy_mean,2.52,1.43198
6027,random_iid,1000,dummy_mean,0.28,1.43198
6029,random_iid,1000,dummy_mean,1.02,1.43198
6051,random_iid,1000,dummy_mean,0.92,1.43198
6053,random_iid,1000,dummy_mean,1.04,1.43198
6062,random_iid,1000,dummy_mean,1.96,1.43198
6063,random_iid,1000,dummy_mean,1.32,1.43198
6067,random_iid,1000,dummy_mean,1.32,1.43198
6070,random_iid,1000,dummy_mean,1.06,1.43198
6074,random_iid,1000,dummy_mean,1.48,1.43198
6084,random_iid,1000,dummy_mean,3.2,1.43198
6110,random_iid,1000,dummy_mean,1.16,1.43198
6118,random_iid,1000,dummy_mean,1.18,1.43198
6128,random_iid,1000,dummy_mean,1.2,1.43198
6164,random_iid,1000,dummy_mean,1.12,1.43198
6179,random_iid,1000,dummy_mean,0.42,1.43198
6193,random_iid,1000,dummy_mean,0.66,1.43198
6220,random_iid,1000,dummy_mean,1.14,1.43198
6246,random_iid,1000,dummy_mean,1.1,1.43198
6252,random_iid,1000,dummy_mean,0.92,1.43198
6253,random_iid,1000,dummy_mean,1.46,1.43198
6258,random_iid,1000,dummy_mean,2.3,1.43198
6267,random_iid,1000,dummy_mean,0.74,1.43198
6271,random_iid,1000,dummy_mean,3.3,1.43198
6275,random_iid,1000,dummy_mean,1.98,1.43198
6299,random_iid,1000,dummy_mean,1.68,1.43198
6315,random_iid,1000,dummy_mean,1.04,1.43198
6329,random_iid,1000,dummy_mean,1.86,1.43198
6345,random_iid,1000,dummy_mean,0.6,1.43198
6348,random_iid,1000,dummy_mean,1.6,1.43198
6355,random_iid,1000,dummy_mean,1.82,1.43198
6367,random_iid,1000,dummy_mean,4.36,1.43198
6389,random_iid,1000,dummy_mean,1.66,1.43198
6392,random_iid,1000,dummy_mean,1.68,1.43198
6402,random_iid,1000,dummy_mean,1.7,1.43198
6405,random_iid,1000,dummy_mean,2.76,1.43198
6417,random_iid,1000,dummy_mean,2.04,1.43198
6423,random_iid,1000,dummy_mean,1.52,1.43198
6425,random_iid,1000,dummy_mean,0.72,1.43198
6440,random_iid,1000,dummy_mean,1.5,1.43198
6442,random_iid,1000,dummy_mean,1.6,1.43198
6444,random_iid,1000,dummy_mean,0.48,1.43198
6455,random_iid,1000,dummy_mean,1.0,1.43198
6462,random_iid,1000,dummy_mean,1.1,1.43198
6472,random_iid,1000,dummy_mean,0.62,1.43198
6492,random_iid,1000,dummy_mean,0.86,1.43198
6504,random_iid,1000,dummy_mean,2.64,1.43198
6508,random_iid,1000,dummy_mean,0.78,1.43198
6512,random_iid,1000,dummy_mean,1.72,1.43198
6515,random_iid,1000,dummy_mean,0.9,1.43198
6517,random_iid,1000,dummy_mean,0.26,1.43198
6527,random_iid,1000,dummy_mean,2.16,1.43198
6532,random_iid,1000,dummy_mean,1.62,1.43198
6544,random_iid,1000,dummy_mean,2.26,1.43198
6550,random_iid,1000,dummy_mean,1.14,1.43198
6577,random_iid,1000,dummy_mean,0.98,1.43198
6580,random_iid,1000,dummy_mean,0.94,1.43198
6584,random_iid,1000,dummy_mean,2.84,1.43198
6590,random_iid,1000,dummy_mean,0.22,1.43198
6600,random_iid,1000,dummy_mean,1.62,1.43198
6601,random_iid,1000,dummy_mean,0.86,1.43198
6602,random_iid,1000,dummy_mean,1.38,1.43198
6608,random_iid,1000,dummy_mean,1.74,1.43198
6632,random_iid,1000,dummy_mean,1.16,1.43198
6641,random_iid,1000,dummy_mean,2.24,1.43198
6647,random_iid,1000,dummy_mean,1.48,1.43198
6660,random_iid,1000,dummy_mean,0.54,1.43198
6685,random_iid,1000,dummy_mean,0.96,1.43198
6705,random_iid,1000,dummy_mean,1.88,1.43198
6717,random_iid,1000,dummy_mean,0.88,1.43198
6723,random_iid,1000,dummy_mean,1.74,1.43198
6733,random_iid,1000,dummy_mean,1.46,1.43198
6734,random_iid,1000,dummy_mean,2.22,1.43198
6735,random_iid,1000,dummy_mean,1.5,1.43198
6740,random_iid,1000,dummy_mean,0.96,1.43198
6741,random_iid,1000,dummy_mean,1.78,1.43198
6758,random_iid,1000,dummy_mean,1.48,1.43198
6759,random_iid,1000,dummy_mean,0.76,1.43198
6762,random_iid,1000,dummy_mean,1.58,1.43198
6778,random_iid,1000,dummy_mean,2.3,1.43198
6788,random_iid,1000,dummy_mean,2.28,1.43198
6804,random_iid,1000,dummy_mean,1.06,1.43198
6808,random_iid,1000,dummy_mean,1.02,1.43198
6812,random_iid,1000,dummy_mean,1.04,1.43198
6813,random_iid,1000,dummy_mean,1.86,1.43198
6814,random_iid,1000,dummy_mean,0.5,1.43198
6826,random_iid,1000,dummy_mean,0.38,1.43198
6832,random_iid,1000,dummy_mean,0.9,1.43198
6834,random_iid,1000,dummy_mean,3.1,1.43198
6863,random_iid,1000,dummy_mean,2.92,1.43198
6879,random_iid,1000,dummy_mean,1.54,1.43198
6880,random_iid,1000,dummy_mean,1.04,1.43198
6907,random_iid,1000,dummy_mean,1.6,1.43198
6913,random_iid,1000,dummy_mean,1.5,1.43198
6918,random_iid,1000,dummy_mean,0.7,1.43198
6925,random_iid,1000,dummy_mean,2.38,1.43198
6926,random_iid,1000,dummy_mean,1.44,1.43198
6934,random_iid,1000,dummy_mean,1.1,1.43198
6955,random_iid,1000,dummy_mean,0.92,1.43198
6956,random_iid,1000,dummy_mean,3.1,1.43198
6958,random_iid,1000,dummy_mean,1.74,1.43198
6975,random_iid,1000,dummy_mean,1.38,1.43198
7020,random_iid,1000,dummy_mean,0.34,1.43198
7021,random_iid,1000,dummy_mean,2.2,1.43198
7046,random_iid,1000,dummy_mean,1.32,1.43198
7047,random_iid,1000,dummy_mean,1.12,1.43198
7053,random_iid,1000,dummy_mean,2.12,1.43198
7066,random_iid,1000,dummy_mean,1.5,1.43198
7074,random_iid,1000,dummy_mean,0.76,1.43198
7078,random_iid,1000,dummy_mean,2.92,1.43198
7089,random_iid,1000,dummy_mean,1.9,1.43198
7132,random_iid,1000,dummy_mean,0.78,1.43198
7138,random_iid,1000,dummy_mean,1.74,1.43198
7139,random_iid,1000,dummy_mean,1.7,1.43198
7167,random_iid,1000,dummy_mean,3.14,1.43198
7168,random_iid,1000,dummy_mean,1.52,1.43198
7172,random_iid,1000,dummy_mean,1.84,1.43198
7180,random_iid,1000,dummy_mean,1.48,1.43198
7191,random_iid,1000,dummy_mean,2.26,1.43198
7198,random_iid,1000,dummy_mean,1.9,1.43198
7221,random_iid,1000,dummy_mean,0.0,1.43198
7229,random_iid,1000,dummy_mean,0.7,1.43198
7250,random_iid,1000,dummy_mean,4.14,1.43198
7270,random_iid,1000,dummy_mean,1.68,1.43198
7273,random_iid,1000,dummy_mean,3.26,1.43198
7276,random_iid,1000,dummy_mean,0.4,1.43198
7285,random_iid,1000,dummy_mean,0.84,1.43198
7289,random_iid,1000,dummy_mean,2.6,1.43198
7298,random_iid,1000,dummy_mean,1.12,1.43198
7300,random_iid,1000,dummy_mean,1.46,1.43198
7302,random_iid,1000,dummy_mean,1.98,1.43198
7306,random_iid,1000,dummy_mean,1.42,1.43198
7315,random_iid,1000,dummy_mean,2.92,1.43198
7319,random_iid,1000,dummy_mean,0.76,1.43198
7333,random_iid,1000,dummy_mean,0.72,1.43198
7335,random_iid,1000,dummy_mean,1.4,1.43198
7337,random_iid,1000,dummy_mean,0.72,1.43198
7341,random_iid,1000,dummy_mean,3.84,1.43198
7346,random_iid,1000,dummy_mean,2.84,1.43198
7348,random_iid,1000,dummy_mean,0.72,1.43198
7353,random_iid,1000,dummy_mean,1.6,1.43198
7369,random_iid,1000,dummy_mean,1.1,1.43198
7375,random_iid,1000,dummy_mean,1.96,1.43198
7380,random_iid,1000,dummy_mean,1.52,1.43198
7405,random_iid,1000,dummy_mean,1.6,1.43198
7414,random_iid,1000,dummy_mean,1.9,1.43198
7417,random_iid,1000,dummy_mean,0.74,1.43198
7428,random_iid,1000,dummy_mean,2.54,1.43198
7477,random_iid,1000,dummy_mean,1.98,1.43198
7499,random_iid,1000,dummy_mean,1.66,1.43198
7506,random_iid,1000,dummy_mean,0.52,1.43198
7540,random_iid,1000,dummy_mean,1.58,1.43198
7541,random_iid,1000,dummy_mean,1.58,1.43198
7550,random_iid,1000,dummy_mean,1.48,1.43198
7554,random_iid,1000,dummy_mean,2.66,1.43198
7555,random_iid,1000,dummy_mean,1.34,1.43198
7562,random_iid,1000,dummy_mean,2.96,1.43198
7567,random_iid,1000,dummy_mean,1.24,1.43198
7589,random_iid,1000,dummy_mean,1.28,1.43198
7590,random_iid,1000,dummy_mean,0.88,1.43198
7592,random_iid,1000,dummy_mean,1.78,1.43198
7596,random_iid,1000,dummy_mean,1.62,1.43198
7599,random_iid,1000,dummy_mean,1.7,1.43198
7623,random_iid,1000,dummy_mean,2.8,1.43198
7626,random_iid,1000,dummy_mean,1.7,1.43198
7639,random_iid,1000,dummy_mean,0.64,1.43198
7656,random_iid,1000,dummy_mean,0.86,1.43198
7672,random_iid,1000,dummy_mean,2.08,1.43198
7726,random_iid,1000,dummy_mean,2.66,1.43198
7729,random_iid,1000,dummy_mean,1.48,1.43198
7735,random_iid,1000,dummy_mean,2.54,1.43198
7747,random_iid,1000,dummy_mean,1.2,1.43198
7753,random_iid,1000,dummy_mean,2.08,1.43198
7765,random_iid,1000,dummy_mean,2.08,1.43198
7779,random_iid,1000,dummy_mean,1.7,1.43198
7781,random_iid,1000,dummy_mean,1.9,1.43198
7782,random_iid,1000,dummy_mean,0.56,1.43198
7791,random_iid,1000,dummy_mean,1.58,1.43198
7794,random_iid,1000,dummy_mean,1.76,1.43198
7802,random_iid,1000,dummy_mean,1.12,1.43198
7803,random_iid,1000,dummy_mean,1.1,1.43198
7814,random_iid,1000,dummy_mean,1.52,1.43198
7820,random_iid,1000,dummy_mean,1.06,1.43198
7822,random_iid,1000,dummy_mean,1.14,1.43198
7827,random_iid,1000,dummy_mean,1.52,1.43198
7831,random_iid,1000,dummy_mean,3.3,1.43198
7836,random_iid,1000,dummy_mean,1.18,1.43198
7840,random_iid,1000,dummy_mean,0.9,1.43198
7882,random_iid,1000,dummy_mean,0.28,1.43198
7884,random_iid,1000,dummy_mean,0.84,1.43198
7885,random_iid,1000,dummy_mean,1.42,1.43198
7886,random_iid,1000,dummy_mean,1.5,1.43198
7889,random_iid,1000,dummy_mean,1.08,1.43198
7894,random_iid,1000,dummy_mean,2.84,1.43198
7897,random_iid,1000,dummy_mean,1.84,1.43198
7898,random_iid,1000,dummy_mean,1.04,1.43198
7922,random_iid,1000,dummy_mean,0.56,1.43198
7930,random_iid,1000,dummy_mean,0.5,1.43198
7934,random_iid,1000,dummy_mean,0.82,1.43198
7944,random_iid,1000,dummy_mean,0.84,1.43198
7945,random_iid,1000,dummy_mean,2.86,1.43198
7946,random_iid,1000,dummy_mean,2.12,1.43198
7948,random_iid,1000,dummy_mean,2.4,1.43198
7976,random_iid,1000,dummy_mean,1.06,1.43198
7998,random_iid,1000,dummy_mean,2.12,1.43198
8013,random_iid,1000,dummy_mean,2.7,1.43198
8018,random_iid,1000,dummy_mean,0.58,1.43198
8020,random_iid,1000,dummy_mean,2.82,1.43198
8028,random_iid,1000,dummy_mean,1.32,1.43198
8031,random_iid,1000,dummy_mean,1.6,1.43198
8056,random_iid,1000,dummy_mean,1.22,1.43198
8057,random_iid,1000,dummy_mean,2.9,1.43198
8076,random_iid,1000,dummy_mean,2.26,1.43198
8087,random_iid,1000,dummy_mean,1.04,1.43198
8103,random_iid,1000,dummy_mean,1.1,1.43198
8108,random_iid,1000,dummy_mean,1.56,1.43198
8124,random_iid,1000,dummy_mean,1.28,1.43198
8126,random_iid,1000,dummy_mean,1.88,1.43198
8137,random_iid,1000,dummy_mean,2.92,1.43198
8165,random_iid,1000,dummy_mean,2.16,1.43198
8188,random_iid,1000,dummy_mean,0.76,1.43198
8192,random_iid,1000,dummy_mean,1.46,1.43198
8197,random_iid,1000,dummy_mean,1.48,1.43198
8206,random_iid,1000,dummy_mean,1.6,1.43198
8225,random_iid,1000,dummy_mean,3.7,1.43198
8227,random_iid,1000,dummy_mean,1.88,1.43198
8231,random_iid,1000,dummy_mean,2.1,1.43198
8233,random_iid,1000,dummy_mean,2.2,1.43198
8239,random_iid,1000,dummy_mean,0.82,1.43198
8250,random_iid,1000,dummy_mean,2.52,1.43198
8253,random_iid,1000,dummy_mean,3.7,1.43198
8254,random_iid,1000,dummy_mean,0.96,1.43198
8268,random_iid,1000,dummy_mean,1.02,1.43198
8285,random_iid,1000,dummy_mean,1.38,1.43198
8287,random_iid,1000,dummy_mean,0.86,1.43198
8292,random_iid,1000,dummy_mean,0.42,1.43198
8295,random_iid,1000,dummy_mean,0.74,1.43198
8309,random_iid,1000,dummy_mean,4.5,1.43198
8317,random_iid,1000,dummy_mean,2.6,1.43198
8344,random_iid,1000,dummy_mean,1.58,1.43198
8351,random_iid,1000,dummy_mean,1.08,1.43198
8364,random_iid,1000,dummy_mean,1.86,1.43198
8369,random_iid,1000,dummy_mean,1.36,1.43198
8374,random_iid,1000,dummy_mean,1.56,1.43198
8375,random_iid,1000,dummy_mean,0.12,1.43198
8395,random_iid,1000,dummy_mean,2.46,1.43198
8396,random_iid,1000,dummy_mean,1.22,1.43198
8404,random_iid,1000,dummy_mean,0.8,1.43198
8416,random_iid,1000,dummy_mean,2.7,1.43198
8441,random_iid,1000,dummy_mean,1.84,1.43198
8443,random_iid,1000,dummy_mean,0.9,1.43198
8453,random_iid,1000,dummy_mean,0.84,1.43198
8466,random_iid,1000,dummy_mean,0.98,1.43198
8481,random_iid,1000,dummy_mean,1.58,1.43198
8482,random_iid,1000,dummy_mean,2.16,1.43198
8484,random_iid,1000,dummy_mean,0.74,1.43198
8485,random_iid,1000,dummy_mean,1.58,1.43198
8494,random_iid,1000,dummy_mean,2.0,1.43198
8507,random_iid,1000,dummy_mean,1.88,1.43198
8510,random_iid,1000,dummy_mean,0.96,1.43198
8523,random_iid,1000,dummy_mean,0.72,1.43198
8527,random_iid,1000,dummy_mean,1.82,1.43198
8530,random_iid,1000,dummy_mean,1.08,1.43198
8541,random_iid,1000,dummy_mean,1.24,1.43198
8545,random_iid,1000,dummy_mean,2.38,1.43198
8546,random_iid,1000,dummy_mean,0.7,1.43198
8562,random_iid,1000,dummy_mean,1.64,1.43198
8583,random_iid,1000,dummy_mean,2.66,1.43198
8590,random_iid,1000,dummy_mean,0.78,1.43198
8599,random_iid,1000,dummy_mean,0.94,1.43198
8603,random_iid,1000,dummy_mean,1.18,1.43198
8608,random_iid,1000,dummy_mean,1.16,1.43198
8618,random_iid,1000,dummy_mean,1.98,1.43198
8620,random_iid,1000,dummy_mean,1.84,1.43198
8626,random_iid,1000,dummy_mean,1.02,1.43198
8649,random_iid,1000,dummy_mean,1.76,1.43198
8658,random_iid,1000,dummy_mean,3.0,1.43198
8668,random_iid,1000,dummy_mean,1.18,1.43198
8678,random_iid,1000,dummy_mean,1.92,1.43198
8692,random_iid,1000,dummy_mean,1.5,1.43198
8696,random_iid,1000,dummy_mean,2.16,1.43198
8704,random_iid,1000,dummy_mean,2.34,1.43198
8710,random_iid,1000,dummy_mean,1.3,1.43198
8723,random_iid,1000,dummy_mean,0.9,1.43198
8725,random_iid,1000,dummy_mean,1.56,1.43198
8729,random_iid,1000,dummy_mean,1.82,1.43198
8735,random_iid,1000,dummy_mean,0.96,1.43198
8748,random_iid,1000,dummy_mean,0.74,1.43198
8805,random_iid,1000,dummy_mean,0.5,1.43198
8815,random_iid,1000,dummy_mean,0.7,1.43198
8818,random_iid,1000,dummy_mean,0.5,1.43198
8821,random_iid,1000,dummy_mean,0.46,1.43198
8825,random_iid,1000,dummy_mean,1.48,1.43198
8833,random_iid,1000,dummy_mean,0.36,1.43198
8842,random_iid,1000,dummy_mean,1.24,1.43198
8845,random_iid,1000,dummy_mean,1.1,1.43198
8852,random_iid,1000,dummy_mean,1.24,1.43198
8854,random_iid,1000,dummy_mean,0.96,1.43198
8871,random_iid,1000,dummy_mean,2.02,1.43198
8896,random_iid,1000,dummy_mean,1.68,1.43198
8904,random_iid,1000,dummy_mean,2.14,1.43198
8922,random_iid,1000,dummy_mean,1.76,1.43198
8930,random_iid,1000,dummy_mean,1.82,1.43198
8948,random_iid,1000,dummy_mean,1.26,1.43198
8952,random_iid,1000,dummy_mean,1.4,1.43198
8980,random_iid,1000,dummy_mean,1.64,1.43198
8983,random_iid,1000,dummy_mean,3.18,1.43198
8993,random_iid,1000,dummy_mean,1.5,1.43198
9006,random_iid,1000,dummy_mean,1.12,1.43198
9054,random_iid,1000,dummy_mean,1.34,1.43198
9056,random_iid,1000,dummy_mean,2.34,1.43198
9058,random_iid,1000,dummy_mean,0.5,1.43198
9071,random_iid,1000,dummy_mean,1.1,1.43198
9086,random_iid,1000,dummy_mean,0.5,1.43198
9109,random_iid,1000,dummy_mean,1.72,1.43198
9140,random_iid,1000,dummy_mean,2.0,1.43198
9149,random_iid,1000,dummy_mean,1.4,1.43198
9150,random_iid,1000,dummy_mean,1.62,1.43198
9153,random_iid,1000,dummy_mean,0.6,1.43198
9156,random_iid,1000,dummy_mean,0.48,1.43198
9187,random_iid,1000,dummy_mean,2.08,1.43198
9192,random_iid,1000,dummy_mean,0.6,1.43198
9193,random_iid,1000,dummy_mean,0.68,1.43198
9210,random_iid,1000,dummy_mean,1.44,1.43198
9228,random_iid,1000,dummy_mean,1.66,1.43198
9234,random_iid,1000,dummy_mean,2.26,1.43198
9249,random_iid,1000,dummy_mean,1.76,1.43198
9250,random_iid,1000,dummy_mean,2.98,1.43198
9251,random_iid,1000,dummy_mean,2.18,1.43198
9262,random_iid,1000,dummy_mean,0.44,1.43198
9282,random_iid,1000,dummy_mean,1.34,1.43198
9286,random_iid,1000,dummy_mean,0.6,1.43198
9303,random_iid,1000,dummy_mean,1.68,1.43198
9313,random_iid,1000,dummy_mean,0.18,1.43198
9328,random_iid,1000,dummy_mean,1.4,1.43198
9331,random_iid,1000,dummy_mean,0.48,1.43198
9334,random_iid,1000,dummy_mean,1.9,1.43198
9340,random_iid,1000,dummy_mean,2.3,1.43198
9345,random_iid,1000,dummy_mean,0.98,1.43198
9358,random_iid,1000,dummy_mean,0.6,1.43198
9386,random_iid,1000,dummy_mean,1.46,1.43198
9391,random_iid,1000,dummy_mean,1.5,1.43198
9394,random_iid,1000,dummy_mean,1.0,1.43198
9397,random_iid,1000,dummy_mean,4.24,1.43198
9403,random_iid,1000,dummy_mean,2.84,1.43198
9418,random_iid,1000,dummy_mean,1.4,1.43198
9441,random_iid,1000,dummy_mean,1.02,1.43198
9463,random_iid,1000,dummy_mean,0.64,1.43198
9483,random_iid,1000,dummy_mean,2.18,1.43198
9500,random_iid,1000,dummy_mean,1.26,1.43198
9502,random_iid,1000,dummy_mean,0.4,1.43198
9509,random_iid,1000,dummy_mean,1.4,1.43198
9511,random_iid,1000,dummy_mean,1.52,1.43198
9512,random_iid,1000,dummy_mean,0.84,1.43198
9515,random_iid,1000,dummy_mean,1.2,1.43198
9525,random_iid,1000,dummy_mean,1.92,1.43198
9537,random_iid,1000,dummy_mean,0.64,1.43198
9545,random_iid,1000,dummy_mean,1.34,1.43198
9561,random_iid,1000,dummy_mean,1.7,1.43198
9585,random_iid,1000,dummy_mean,0.9,1.43198
9594,random_iid,1000,dummy_mean,1.2,1.43198
9598,random_iid,1000,dummy_mean,1.74,1.43198
9610,random_iid,1000,dummy_mean,0.46,1.43198
9618,random_iid,1000,dummy_mean,0.36,1.43198
9619,random_iid,1000,dummy_mean,0.78,1.43198
9620,random_iid,1000,dummy_mean,1.16,1.43198
9632,random_iid,1000,dummy_mean,1.2,1.43198
9659,random_iid,1000,dummy_mean,1.76,1.43198
9660,random_iid,1000,dummy_mean,1.06,1.43198
9676,random_iid,1000,dummy_mean,0.44,1.43198
9701,random_iid,1000,dummy_mean,2.26,1.43198
9710,random_iid,1000,dummy_mean,1.42,1.43198
9723,random_iid,1000,dummy_mean,3.32,1.43198
9740,random_iid,1000,dummy_mean,1.44,1.43198
9742,random_iid,1000,dummy_mean,1.38,1.43198
9771,random_iid,1000,dummy_mean,0.7,1.43198
9801,random_iid,1000,dummy_mean,3.28,1.43198
9804,random_iid,1000,dummy_mean,0.98,1.43198
9826,random_iid,1000,dummy_mean,1.8,1.43198
9827,random_iid,1000,dummy_mean,1.06,1.43198
9834,random_iid,1000,dummy_mean,2.42,1.43198
9840,random_iid,1000,dummy_mean,0.66,1.43198
9842,random_iid,1000,dummy_mean,1.1,1.43198
9849,random_iid,1000,dummy_mean,1.8,1.43198
9853,random_iid,1000,dummy_mean,1.28,1.43198
9857,random_iid,1000,dummy_mean,2.8,1.43198
9861,random_iid,1000,dummy_mean,1.6,1.43198
9871,random_iid,1000,dummy_mean,1.26,1.43198
9904,random_iid,1000,dummy_mean,2.12,1.43198
9920,random_iid,1000,dummy_mean,1.32,1.43198
9923,random_iid,1000,dummy_mean,0.92,1.43198
9924,random_iid,1000,dummy_mean,1.4,1.43198
9936,random_iid,1000,dummy_mean,2.74,1.43198
9962,random_iid,1000,dummy_mean,1.76,1.43198
9967,random_iid,1000,dummy_mean,1.0,1.43198
9970,random_iid,1000,dummy_mean,1.46,1.43198
9977,random_iid,1000,dummy_mean,0.8,1.43198
9987,random_iid,1000,dummy_mean,1.28,1.43198
9995,random_iid,1000,dummy_mean,0.86,1.43198
9998,random_iid,1000,dummy_mean,1.28,1.43198
10002,random_iid,1000,dummy_mean,3.5,1.43198
10007,random_iid,1000,dummy_mean,1.8,1.43198
10008,random_iid,1000,dummy_mean,1.56,1.43198
10011,random_iid,1000,dummy_mean,0.44,1.43198
10029,random_iid,1000,dummy_mean,2.04,1.43198
10032,random_iid,1000,dummy_mean,2.0,1.43198
10044,random_iid,1000,dummy_mean,1.38,1.43198
10052,random_iid,1000,dummy_mean,0.86,1.43198
10074,random_iid,1000,dummy_mean,2.12,1.43198
10080,random_iid,1000,dummy_mean,1.46,1.43198
10083,random_iid,1000,dummy_mean,3.1,1.43198
10091,random_iid,1000,dummy_mean,0.74,1.43198
10113,random_iid,1000,dummy_mean,2.38,1.43198
10120,random_iid,1000,dummy_mean,1.46,1.43198
10140,random_iid,1000,dummy_mean,1.42,1.43198
10144,random_iid,1000,dummy_mean,1.14,1.43198
10146,random_iid,1000,dummy_mean,1.16,1.43198
10159,random_iid,1000,dummy_mean,1.82,1.43198
10175,random_iid,1000,dummy_mean,3.54,1.43198
10199,random_iid,1000,dummy_mean,0.52,1.43198
10219,random_iid,1000,dummy_mean,1.32,1.43198
10231,random_iid,1000,dummy_mean,3.44,1.43198
10239,random_iid,1000,dummy_mean,1.5,1.43198
10242,random_iid,1000,dummy_mean,3.2,1.43198
10299,random_iid,1000,dummy_mean,1.12,1.43198
10306,random_iid,1000,dummy_mean,0.98,1.43198
10312,random_iid,1000,dummy_mean,3.54,1.43198
10323,random_iid,1000,dummy_mean,1.4,1.43198
10325,random_iid,1000,dummy_mean,1.56,1.43198
10331,random_iid,1000,dummy_mean,1.3,1.43198
10334,random_iid,1000,dummy_mean,1.5,1.43198
10356,random_iid,1000,dummy_mean,2.7,1.43198
10370,random_iid,1000,dummy_mean,2.3,1.43198
10373,random_iid,1000,dummy_mean,1.38,1.43198
10385,random_iid,1000,dummy_mean,1.28,1.43198
10430,random_iid,1000,dummy_mean,1.2,1.43198
10431,random_iid,1000,dummy_mean,1.72,1.43198
10435,random_iid,1000,dummy_mean,1.6,1.43198
10437,random_iid,1000,dummy_mean,1.4,1.43198
10440,random_iid,1000,dummy_mean,3.14,1.43198
10443,random_iid,1000,dummy_mean,1.84,1.43198
10448,random_iid,1000,dummy_mean,2.14,1.43198
10466,random_iid,1000,dummy_mean,3.28,1.43198
10481,random_iid,1000,dummy_mean,0.42,1.43198
10493,random_iid,1000,dummy_mean,2.16,1.43198
10496,random_iid,1000,dummy_mean,4.56,1.43198
10501,random_iid,1000,dummy_mean,0.34,1.43198
10505,random_iid,1000,dummy_mean,2.26,1.43198
10513,random_iid,1000,dummy_mean,2.2,1.43198
10532,random_iid,1000,dummy_mean,1.92,1.43198
10540,random_iid,1000,dummy_mean,2.1,1.43198
10548,random_iid,1000,dummy_mean,1.88,1.43198
10567,random_iid,1000,dummy_mean,1.22,1.43198
10590,random_iid,1000,dummy_mean,1.06,1.43198
10605,random_iid,1000,dummy_mean,2.26,1.43198
10607,random_iid,1000,dummy_mean,1.08,1.43198
10615,random_iid,1000,dummy_mean,1.14,1.43198
10630,random_iid,1000,dummy_mean,2.96,1.43198
10638,random_iid,1000,dummy_mean,1.42,1.43198
10718,random_iid,1000,dummy_mean,1.52,1.43198
10722,random_iid,1000,dummy_mean,0.98,1.43198
10726,random_iid,1000,dummy_mean,1.32,1.43198
10731,random_iid,1000,dummy_mean,2.24,1.43198
10734,random_iid,1000,dummy_mean,1.02,1.43198
10735,random_iid,1000,dummy_mean,1.02,1.43198
10739,random_iid,1000,dummy_mean,1.48,1.43198
10761,random_iid,1000,dummy_mean,2.82,1.43198
10774,random_iid,1000,dummy_mean,-0.1,1.43198
10782,random_iid,1000,dummy_mean,0.72,1.43198
10786,random_iid,1000,dummy_mean,0.78,1.43198
10796,random_iid,1000,dummy_mean,1.8,1.43198
10801,random_iid,1000,dummy_mean,1.68,1.43198
10807,random_iid,1000,dummy_mean,0.6,1.43198
10824,random_iid,1000,dummy_mean,0.78,1.43198
10830,random_iid,1000,dummy_mean,1.52,1.43198
10836,random_iid,1000,dummy_mean,4.06,1.43198
10865,random_iid,1000,dummy_mean,0.74,1.43198
10871,random_iid,1000,dummy_mean,0.4,1.43198
10876,random_iid,1000,dummy_mean,2.02,1.43198
10884,random_iid,1000,dummy_mean,1.64,1.43198
10887,random_iid,1000,dummy_mean,1.44,1.43198
10892,random_iid,1000,dummy_mean,1.02,1.43198
10898,random_iid,1000,dummy_mean,0.74,1.43198
10901,random_iid,1000,dummy_mean,0.04,1.43198
10931,random_iid,1000,dummy_mean,1.14,1.43198
10933,random_iid,1000,dummy_mean,1.76,1.43198
10935,random_iid,1000,dummy_mean,1.4,1.43198
10944,random_iid,1000,dummy_mean,1.32,1.43198
10977,random_iid,1000,dummy_mean,1.2,1.43198
10995,random_iid,1000,dummy_mean,0.28,1.43198
11018,random_iid,1000,dummy_mean,1.08,1.43198
11019,random_iid,1000,dummy_mean,1.04,1.43198
11037,random_iid,1000,dummy_mean,1.54,1.43198
11039,random_iid,1000,dummy_mean,0.82,1.43198
11044,random_iid,1000,dummy_mean,1.02,1.43198
11050,random_iid,1000,dummy_mean,2.18,1.43198
11066,random_iid,1000,dummy_mean,1.72,1.43198
11072,random_iid,1000,dummy_mean,1.06,1.43198
11074,random_iid,1000,dummy_mean,1.24,1.43198
11078,random_iid,1000,dummy_mean,1.48,1.43198
11090,random_iid,1000,dummy_mean,1.78,1.43198
11091,random_iid,1000,dummy_mean,0.88,1.43198
11097,random_iid,1000,dummy_mean,3.94,1.43198
11098,random_iid,1000,dummy_mean,4.62,1.43198
11127,random_iid,1000,dummy_mean,1.02,1.43198
11148,random_iid,1000,dummy_mean,1.36,1.43198
11155,random_iid,1000,dummy_mean,0.88,1.43198
11160,random_iid,1000,dummy_mean,2.5,1.43198
11162,random_iid,1000,dummy_mean,1.12,1.43198
11178,random_iid,1000,dummy_mean,0.86,1.43198
11187,random_iid,1000,dummy_mean,1.44,1.43198
11195,random_iid,1000,dummy_mean,2.64,1.43198
11206,random_iid,1000,dummy_mean,1.8,1.43198
11225,random_iid,1000,dummy_mean,2.14,1.43198
11250,random_iid,1000,dummy_mean,2.46,1.43198
11267,random_iid,1000,dummy_mean,0.78,1.43198
11270,random_iid,1000,dummy_mean,0.86,1.43198
11275,random_iid,1000,dummy_mean,0.8,1.43198
11282,random_iid,1000,dummy_mean,1.3,1.43198
11287,random_iid,1000,dummy_mean,1.8,1.43198
11292,random_iid,1000,dummy_mean,0.8,1.43198
11293,random_iid,1000,dummy_mean,1.24,1.43198
11311,random_iid,1000,dummy_mean,1.88,1.43198
11313,random_iid,1000,dummy_mean,1.14,1.43198
11315,random_iid,1000,dummy_mean,3.48,1.43198
11316,random_iid,1000,dummy_mean,1.2,1.43198
11335,random_iid,1000,dummy_mean,0.92,1.43198
11369,random_iid,1000,dummy_mean,0.56,1.43198
11379,random_iid,1000,dummy_mean,1.4,1.43198
11387,random_iid,1000,dummy_mean,0.66,1.43198
11391,random_iid,1000,dummy_mean,2.42,1.43198
11398,random_iid,1000,dummy_mean,0.98,1.43198
11399,random_iid,1000,dummy_mean,1.72,1.43198
11423,random_iid,1000,dummy_mean,1.86,1.43198
11427,random_iid,1000,dummy_mean,2.4,1.43198
11429,random_iid,1000,dummy_mean,2.86,1.43198
11432,random_iid,1000,dummy_mean,0.88,1.43198
11453,random_iid,1000,dummy_mean,2.36,1.43198
11457,random_iid,1000,dummy_mean,1.82,1.43198
11465,random_iid,1000,dummy_mean,1.16,1.43198
11504,random_iid,1000,dummy_mean,1.74,1.43198
11511,random_iid,1000,dummy_mean,1.0,1.43198
11518,random_iid,1000,dummy_mean,1.34,1.43198
11529,random_iid,1000,dummy_mean,2.7,1.43198
11545,random_iid,1000,dummy_mean,2.38,1.43198
11567,random_iid,1000,dummy_mean,1.18,1.43198
11615,random_iid,1000,dummy_mean,1.72,1.43198
11631,random_iid,1000,dummy_mean,0.84,1.43198
11633,random_iid,1000,dummy_mean,1.82,1.43198
11658,random_iid,1000,dummy_mean,0.82,1.43198
11668,random_iid,1000,dummy_mean,3.92,1.43198
11675,random_iid,1000,dummy_mean,0.38,1.43198
11682,random_iid,1000,dummy_mean,1.28,1.43198
11696,random_iid,1000,dummy_mean,2.64,1.43198
11698,random_iid,1000,dummy_mean,1.56,1.43198
11702,random_iid,1000,dummy_mean,1.28,1.43198
11712,random_iid,1000,dummy_mean,1.46,1.43198
11717,random_iid,1000,dummy_mean,4.46,1.43198
11753,random_iid,1000,dummy_mean,1.04,1.43198
11770,random_iid,1000,dummy_mean,0.74,1.43198
11776,random_iid,1000,dummy_mean,1.1,1.43198
11778,random_iid,1000,dummy_mean,2.14,1.43198
11797,random_iid,1000,dummy_mean,0.76,1.43198
11799,random_iid,1000,dummy_mean,1.12,1.43198
11804,random_iid,1000,dummy_mean,1.12,1.43198
11807,random_iid,1000,dummy_mean,0.84,1.43198
11811,random_iid,1000,dummy_mean,0.72,1.43198
11816,random_iid,1000,dummy_mean,2.24,1.43198
11817,random_iid,1000,dummy_mean,1.8,1.43198
11825,random_iid,1000,dummy_mean,1.26,1.43198
11830,random_iid,1000,dummy_mean,2.5,1.43198
11838,random_iid,1000,dummy_mean,2.26,1.43198
11866,random_iid,1000,dummy_mean,0.7,1.43198
11868,random_iid,1000,dummy_mean,1.56,1.43198
11872,random_iid,1000,dummy_mean,3.2,1.43198
11877,random_iid,1000,dummy_mean,3.02,1.43198
11885,random_iid,1000,dummy_mean,0.94,1.43198
11890,random_iid,1000,dummy_mean,1.32,1.43198
11896,random_iid,1000,dummy_mean,2.22,1.43198
11914,random_iid,1000,dummy_mean,1.14,1.43198
11915,random_iid,1000,dummy_mean,2.5,1.43198
11921,random_iid,1000,dummy_mean,1.22,1.43198
11928,random_iid,1000,dummy_mean,2.3,1.43198
11930,random_iid,1000,dummy_mean,1.72,1.43198
11935,random_iid,1000,dummy_mean,1.0,1.43198
11937,random_iid,1000,dummy_mean,2.28,1.43198
11940,random_iid,1000,dummy_mean,2.22,1.43198
11977,random_iid,1000,dummy_mean,0.74,1.43198
11981,random_iid,1000,dummy_mean,1.32,1.43198
11983,random_iid,1000,dummy_mean,0.94,1.43198
12000,random_iid,1000,dummy_mean,1.78,1.43198
12004,random_iid,1000,dummy_mean,0.92,1.43198
12011,random_iid,1000,dummy_mean,1.4,1.43198
12019,random_iid,1000,dummy_mean,0.88,1.43198
12022,random_iid,1000,dummy_mean,0.28,1.43198
12034,random_iid,1000,dummy_mean,0.66,1.43198
12038,random_iid,1000,dummy_mean,0.18,1.43198
12073,random_iid,1000,dummy_mean,0.94,1.43198
12079,random_iid,1000,dummy_mean,1.36,1.43198
12084,random_iid,1000,dummy_mean,1.12,1.43198
12104,random_iid,1000,dummy_mean,0.04,1.43198
12120,random_iid,1000,dummy_mean,0.84,1.43198
12138,random_iid,1000,dummy_mean,2.3,1.43198
12139,random_iid,1000,dummy_mean,0.68,1.43198
12143,random_iid,1000,dummy_mean,2.04,1.43198
12159,random_iid,1000,dummy_mean,1.2,1.43198
12162,random_iid,1000,dummy_mean,1.88,1.43198
12176,random_iid,1000,dummy_mean,2.1,1.43198
12179,random_iid,1000,dummy_mean,0.54,1.43198
12181,random_iid,1000,dummy_mean,2.82,1.43198
12194,random_iid,1000,dummy_mean,1.88,1.43198
12195,random_iid,1000,dummy_mean,0.44,1.43198
12243,random_iid,1000,dummy_mean,1.12,1.43198
12252,random_iid,1000,dummy_mean,1.48,1.43198
12264,random_iid,1000,dummy_mean,1.86,1.43198
12270,random_iid,1000,dummy_mean,0.34,1.43198
12273,random_iid,1000,dummy_mean,0.52,1.43198
12276,random_iid,1000,dummy_mean,1.18,1.43198
12277,random_iid,1000,dummy_mean,1.34,1.43198
12285,random_iid,1000,dummy_mean,0.92,1.43198
12301,random_iid,1000,dummy_mean,1.98,1.43198
12303,random_iid,1000,dummy_mean,1.36,1.43198
12307,random_iid,1000,dummy_mean,2.34,1.43198
12313,random_iid,1000,dummy_mean,0.56,1.43198
12314,random_iid,1000,dummy_mean,0.5,1.43198
12319,random_iid,1000,dummy_mean,1.0,1.43198
12320,random_iid,1000,dummy_mean,0.78,1.43198
12349,random_iid,1000,dummy_mean,1.72,1.43198
12365,random_iid,1000,dummy_mean,1.68,1.43198
12366,random_iid,1000,dummy_mean,1.48,1.43198
12374,random_iid,1000,dummy_mean,1.9,1.43198
12379,random_iid,1000,dummy_mean,1.48,1.43198
12406,random_iid,1000,dummy_mean,1.66,1.43198
12412,random_iid,1000,dummy_mean,1.72,1.43198
12416,random_iid,1000,dummy_mean,0.96,1.43198
12437,random_iid,1000,dummy_mean,0.94,1.43198
12439,random_iid,1000,dummy_mean,1.04,1.43198
12456,random_iid,1000,dummy_mean,1.1,1.43198
12461,random_iid,1000,dummy_mean,0.9,1.43198
12475,random_iid,1000,dummy_mean,0.88,1.43198
12484,random_iid,1000,dummy_mean,0.86,1.43198
12487,random_iid,1000,dummy_mean,1.38,1.43198
12490,random_iid,1000,dummy_mean,1.26,1.43198
12492,random_iid,1000,dummy_mean,1.94,1.43198
12510,random_iid,1000,dummy_mean,1.3,1.43198
12511,random_iid,1000,dummy_mean,1.42,1.43198
12523,random_iid,1000,dummy_mean,1.66,1.43198
12534,random_iid,1000,dummy_mean,1.88,1.43198
12536,random_iid,1000,dummy_mean,2.18,1.43198
12537,random_iid,1000,dummy_mean,2.84,1.43198
12546,random_iid,1000,dummy_mean,2.38,1.43198
12555,random_iid,1000,dummy_mean,1.76,1.43198
12560,random_iid,1000,dummy_mean,1.34,1.43198
12562,random_iid,1000,dummy_mean,1.8,1.43198
12570,random_iid,1000,dummy_mean,0.86,1.43198
12574,random_iid,1000,dummy_mean,0.92,1.43198
12577,random_iid,1000,dummy_mean,1.26,1.43198
12584,random_iid,1000,dummy_mean,1.46,1.43198
12593,random_iid,1000,dummy_mean,2.1,1.43198
12596,random_iid,1000,dummy_mean,1.12,1.43198
12614,random_iid,1000,dummy_mean,1.28,1.43198
12616,random_iid,1000,dummy_mean,1.46,1.43198
12618,random_iid,1000,dummy_mean,1.58,1.43198
12634,random_iid,1000,dummy_mean,2.56,1.43198
12635,random_iid,1000,dummy_mean,1.54,1.43198
12636,random_iid,1000,dummy_mean,3.58,1.43198
12655,random_iid,1000,dummy_mean,1.52,1.43198
12656,random_iid,1000,dummy_mean,1.0,1.43198
12687,random_iid,1000,dummy_mean,0.86,1.43198
12727,random_iid,1000,dummy_mean,1.08,1.43198
12730,random_iid,1000,dummy_mean,0.98,1.43198
12767,random_iid,1000,dummy_mean,2.98,1.43198
12785,random_iid,1000,dummy_mean,1.12,1.43198
12787,random_iid,1000,dummy_mean,0.78,1.43198
12792,random_iid,1000,dummy_mean,1.78,1.43198
12797,random_iid,1000,dummy_mean,1.08,1.43198
12802,random_iid,1000,dummy_mean,3.52,1.43198
12804,random_iid,1000,dummy_mean,1.62,1.43198
12811,random_iid,1000,dummy_mean,1.36,1.43198
12814,random_iid,1000,dummy_mean,1.22,1.43198
12822,random_iid,1000,dummy_mean,3.4,1.43198
12881,random_iid,1000,dummy_mean,1.66,1.43198
12885,random_iid,1000,dummy_mean,0.8,1.43198
12896,random_iid,1000,dummy_mean,0.7,1.43198
12897,random_iid,1000,dummy_mean,1.88,1.43198
12899,random_iid,1000,dummy_mean,1.4,1.43198
12900,random_iid,1000,dummy_mean,1.6,1.43198
12920,random_iid,1000,dummy_mean,0.6,1.43198
12928,random_iid,1000,dummy_mean,1.02,1.43198
12932,random_iid,1000,dummy_mean,1.36,1.43198
12947,random_iid,1000,dummy_mean,1.44,1.43198
12970,random_iid,1000,dummy_mean,1.68,1.43198
13003,random_iid,1000,dummy_mean,2.28,1.43198
13004,random_iid,1000,dummy_mean,1.24,1.43198
13010,random_iid,1000,dummy_mean,1.34,1.43198
13015,random_iid,1000,dummy_mean,1.38,1.43198
13022,random_iid,1000,dummy_mean,0.9,1.43198
13029,random_iid,1000,dummy_mean,1.22,1.43198
13044,random_iid,1000,dummy_mean,1.74,1.43198
13068,random_iid,1000,dummy_mean,2.98,1.43198
13082,random_iid,1000,dummy_mean,0.94,1.43198
13096,random_iid,1000,dummy_mean,1.68,1.43198
13098,random_iid,1000,dummy_mean,2.04,1.43198
13100,random_iid,1000,dummy_mean,2.0,1.43198
13173,random_iid,1000,dummy_mean,1.22,1.43198
13174,random_iid,1000,dummy_mean,1.16,1.43198
13195,random_iid,1000,dummy_mean,1.16,1.43198
13201,random_iid,1000,dummy_mean,1.18,1.43198
13204,random_iid,1000,dummy_mean,3.2,1.43198
13205,random_iid,1000,dummy_mean,1.46,1.43198
13212,random_iid,1000,dummy_mean,1.76,1.43198
13241,random_iid,1000,dummy_mean,1.54,1.43198
13253,random_iid,1000,dummy_mean,1.1,1.43198
13275,random_iid,1000,dummy_mean,0.96,1.43198
13310,random_iid,1000,dummy_mean,0.9,1.43198
13313,random_iid,1000,dummy_mean,0.94,1.43198
13316,random_iid,1000,dummy_mean,0.58,1.43198
13325,random_iid,1000,dummy_mean,0.7,1.43198
13328,random_iid,1000,dummy_mean,1.0,1.43198
13332,random_iid,1000,dummy_mean,1.5,1.43198
13335,random_iid,1000,dummy_mean,0.88,1.43198
13337,random_iid,1000,dummy_mean,0.1,1.43198
13338,random_iid,1000,dummy_mean,2.92,1.43198
13346,random_iid,1000,dummy_mean,1.8,1.43198
13361,random_iid,1000,dummy_mean,2.74,1.43198
13362,random_iid,1000,dummy_mean,1.7,1.43198
13369,random_iid,1000,dummy_mean,0.56,1.43198
13376,random_iid,1000,dummy_mean,1.22,1.43198
13396,random_iid,1000,dummy_mean,0.06,1.43198
13397,random_iid,1000,dummy_mean,2.46,1.43198
13398,random_iid,1000,dummy_mean,1.42,1.43198
13406,random_iid,1000,dummy_mean,1.66,1.43198
13416,random_iid,1000,dummy_mean,2.64,1.43198
13418,random_iid,1000,dummy_mean,0.56,1.43198
13431,random_iid,1000,dummy_mean,1.74,1.43198
13436,random_iid,1000,dummy_mean,1.36,1.43198
13447,random_iid,1000,dummy_mean,0.42,1.43198
13454,random_iid,1000,dummy_mean,1.72,1.43198
13473,random_iid,1000,dummy_mean,1.48,1.43198
13483,random_iid,1000,dummy_mean,0.4,1.43198
13491,random_iid,1000,dummy_mean,1.82,1.43198
13508,random_iid,1000,dummy_mean,3.56,1.43198
13522,random_iid,1000,dummy_mean,3.42,1.43198
13524,random_iid,1000,dummy_mean,0.5,1.43198
13529,random_iid,1000,dummy_mean,3.58,1.43198
13556,random_iid,1000,dummy_mean,1.64,1.43198
13566,random_iid,1000,dummy_mean,1.74,1.43198
13582,random_iid,1000,dummy_mean,1.58,1.43198
13590,random_iid,1000,dummy_mean,2.96,1.43198
13604,random_iid,1000,dummy_mean,2.36,1.43198
13613,random_iid,1000,dummy_mean,1.56,1.43198
13619,random_iid,1000,dummy_mean,2.12,1.43198
13626,random_iid,1000,dummy_mean,1.46,1.43198
13637,random_iid,1000,dummy_mean,2.24,1.43198
13639,random_iid,1000,dummy_mean,2.56,1.43198
13641,random_iid,1000,dummy_mean,1.24,1.43198
13646,random_iid,1000,dummy_mean,1.22,1.43198
13648,random_iid,1000,dummy_mean,1.32,1.43198
13649,random_iid,1000,dummy_mean,0.94,1.43198
13651,random_iid,1000,dummy_mean,0.3,1.43198
13658,random_iid,1000,dummy_mean,0.98,1.43198
13666,random_iid,1000,dummy_mean,0.88,1.43198
13668,random_iid,1000,dummy_mean,1.1,1.43198
13672,random_iid,1000,dummy_mean,1.5,1.43198
13683,random_iid,1000,dummy_mean,0.18,1.43198
13684,random_iid,1000,dummy_mean,1.36,1.43198
13685,random_iid,1000,dummy_mean,0.1,1.43198
13696,random_iid,1000,dummy_mean,2.12,1.43198
13706,random_iid,1000,dummy_mean,1.12,1.43198
13710,random_iid,1000,dummy_mean,1.34,1.43198
13736,random_iid,1000,dummy_mean,1.12,1.43198
13755,random_iid,1000,dummy_mean,0.8,1.43198
13799,random_iid,1000,dummy_mean,1.28,1.43198
13814,random_iid,1000,dummy_mean,0.36,1.43198
13824,random_iid,1000,dummy_mean,2.8,1.43198
13829,random_iid,1000,dummy_mean,1.52,1.43198
13835,random_iid,1000,dummy_mean,0.5,1.43198
13837,random_iid,1000,dummy_mean,1.68,1.43198
13848,random_iid,1000,dummy_mean,1.78,1.43198
13852,random_iid,1000,dummy_mean,2.28,1.43198
13853,random_iid,1000,dummy_mean,1.72,1.43198
13861,random_iid,1000,dummy_mean,1.42,1.43198
13876,random_iid,1000,dummy_mean,1.86,1.43198
13880,random_iid,1000,dummy_mean,1.0,1.43198
13892,random_iid,1000,dummy_mean,1.16,1.43198
13903,random_iid,1000,dummy_mean,1.56,1.43198
13920,random_iid,1000,dummy_mean,1.56,1.43198
13934,random_iid,1000,dummy_mean,1.4,1.43198
13940,random_iid,1000,dummy_mean,1.94,1.43198
13953,random_iid,1000,dummy_mean,1.72,1.43198
13954,random_iid,1000,dummy_mean,1.46,1.43198
13958,random_iid,1000,dummy_mean,0.96,1.43198
13967,random_iid,1000,dummy_mean,0.84,1.43198
13987,random_iid,1000,dummy_mean,1.02,1.43198
14004,random_iid,1000,dummy_mean,2.0,1.43198
14006,random_iid,1000,dummy_mean,1.44,1.43198
14013,random_iid,1000,dummy_mean,0.5,1.43198
14018,random_iid,1000,dummy_mean,1.14,1.43198
14032,random_iid,1000,dummy_mean,1.0,1.43198
14038,random_iid,1000,dummy_mean,1.1,1.43198
14044,random_iid,1000,dummy_mean,2.08,1.43198
14045,random_iid,1000,dummy_mean,1.22,1.43198
14064,random_iid,1000,dummy_mean,0.84,1.43198
14067,random_iid,1000,dummy_mean,1.44,1.43198
14076,random_iid,1000,dummy_mean,1.2,1.43198
14090,random_iid,1000,dummy_mean,0.98,1.43198
14128,random_iid,1000,dummy_mean,2.0,1.43198
14132,random_iid,1000,dummy_mean,0.7,1.43198
14142,random_iid,1000,dummy_mean,2.04,1.43198
14147,random_iid,1000,dummy_mean,1.46,1.43198
14159,random_iid,1000,dummy_mean,1.72,1.43198
14173,random_iid,1000,dummy_mean,3.7,1.43198
14190,random_iid,1000,dummy_mean,2.62,1.43198
14198,random_iid,1000,dummy_mean,1.86,1.43198
14209,random_iid,1000,dummy_mean,1.44,1.43198
14213,random_iid,1000,dummy_mean,1.08,1.43198
14248,random_iid,1000,dummy_mean,1.02,1.43198
14266,random_iid,1000,dummy_mean,1.26,1.43198
14272,random_iid,1000,dummy_mean,1.88,1.43198
14273,random_iid,1000,dummy_mean,1.94,1.43198
14279,random_iid,1000,dummy_mean,0.96,1.43198
14316,random_iid,1000,dummy_mean,0.76,1.43198
14322,random_iid,1000,dummy_mean,3.06,1.43198
14327,random_iid,1000,dummy_mean,1.28,1.43198
14333,random_iid,1000,dummy_mean,1.82,1.43198
14335,random_iid,1000,dummy_mean,0.52,1.43198
14336,random_iid,1000,dummy_mean,1.66,1.43198
14344,random_iid,1000,dummy_mean,1.76,1.43198
14353,random_iid,1000,dummy_mean,1.04,1.43198
14368,random_iid,1000,dummy_mean,1.94,1.43198
14374,random_iid,1000,dummy_mean,1.66,1.43198
14375,random_iid,1000,dummy_mean,0.94,1.43198
14381,random_iid,1000,dummy_mean,1.58,1.43198
14383,random_iid,1000,dummy_mean,1.42,1.43198
14384,random_iid,1000,dummy_mean,2.18,1.43198
14395,random_iid,1000,dummy_mean,0.9,1.43198
14399,random_iid,1000,dummy_mean,1.46,1.43198
14400,random_iid,1000,dummy_mean,2.54,1.43198
14417,random_iid,1000,dummy_mean,1.32,1.43198
14429,random_iid,1000,dummy_mean,1.02,1.43198
14441,random_iid,1000,dummy_mean,1.56,1.43198
14448,random_iid,1000,dummy_mean,0.68,1.43198
14450,random_iid,1000,dummy_mean,1.38,1.43198
14455,random_iid,1000,dummy_mean,1.94,1.43198
14461,random_iid,1000,dummy_mean,0.74,1.43198
14465,random_iid,1000,dummy_mean,1.12,1.43198
14492,random_iid,1000,dummy_mean,1.04,1.43198
14493,random_iid,1000,dummy_mean,2.14,1.43198
14503,random_iid,1000,dummy_mean,2.4,1.43198
14511,random_iid,1000,dummy_mean,0.4,1.43198
14520,random_iid,1000,dummy_mean,0.28,1.43198
14525,random_iid,1000,dummy_mean,1.02,1.43198
14526,random_iid,1000,dummy_mean,3.26,1.43198
14539,random_iid,1000,dummy_mean,1.7,1.43198
14554,random_iid,1000,dummy_mean,1.0,1.43198
14569,random_iid,1000,dummy_mean,2.72,1.43198
14586,random_iid,1000,dummy_mean,2.36,1.43198
14602,random_iid,1000,dummy_mean,1.78,1.43198
14606,random_iid,1000,dummy_mean,2.06,1.43198
14613,random_iid,1000,dummy_mean,2.18,1.43198
14617,random_iid,1000,dummy_mean,0.86,1.43198
14633,random_iid,1000,dummy_mean,1.46,1.43198
14651,random_iid,1000,dummy_mean,1.18,1.43198
14658,random_iid,1000,dummy_mean,2.82,1.43198
14676,random_iid,1000,dummy_mean,1.66,1.43198
14682,random_iid,1000,dummy_mean,0.68,1.43198
14685,random_iid,1000,dummy_mean,1.3,1.43198
14689,random_iid,1000,dummy_mean,2.14,1.43198
14691,random_iid,1000,dummy_mean,0.5,1.43198
14699,random_iid,1000,dummy_mean,2.04,1.43198
14702,random_iid,1000,dummy_mean,1.36,1.43198
14714,random_iid,1000,dummy_mean,1.2,1.43198
14718,random_iid,1000,dummy_mean,2.18,1.43198
14726,random_iid,1000,dummy_mean,0.52,1.43198
14731,random_iid,1000,dummy_mean,2.0,1.43198
14735,random_iid,1000,dummy_mean,0.92,1.43198
14736,random_iid,1000,dummy_mean,2.46,1.43198
14739,random_iid,1000,dummy_mean,1.14,1.43198
14741,random_iid,1000,dummy_mean,2.5,1.43198
14752,random_iid,1000,dummy_mean,1.14,1.43198
14759,random_iid,1000,dummy_mean,0.76,1.43198
14761,random_iid,1000,dummy_mean,0.84,1.43198
14763,random_iid,1000,dummy_mean,1.04,1.43198
14771,random_iid,1000,dummy_mean,1.5,1.43198
14782,random_iid,1000,dummy_mean,1.14,1.43198
14783,random_iid,1000,dummy_mean,1.76,1.43198
14787,random_iid,1000,dummy_mean,1.48,1.43198
14807,random_iid,1000,dummy_mean,2.32,1.43198
14809,random_iid,1000,dummy_mean,0.28,1.43198
14814,random_iid,1000,dummy_mean,1.08,1.43198
14822,random_iid,1000,dummy_mean,1.3,1.43198
14825,random_iid,1000,dummy_mean,1.24,1.43198
14838,random_iid,1000,dummy_mean,1.16,1.43198
14840,random_iid,1000,dummy_mean,0.94,1.43198
14847,random_iid,1000,dummy_mean,0.7,1.43198
14850,random_iid,1000,dummy_mean,0.54,1.43198
14853,random_iid,1000,dummy_mean,1.22,1.43198
14854,random_iid,1000,dummy_mean,2.8,1.43198
14861,random_iid,1000,dummy_mean,2.28,1.43198
14866,random_iid,1000,dummy_mean,2.12,1.43198
14902,random_iid,1000,dummy_mean,1.68,1.43198
14903,random_iid,1000,dummy_mean,1.5,1.43198
14905,random_iid,1000,dummy_mean,1.38,1.43198
14913,random_iid,1000,dummy_mean,3.74,1.43198
14917,random_iid,1000,dummy_mean,0.7,1.43198
14923,random_iid,1000,dummy_mean,1.64,1.43198
14938,random_iid,1000,dummy_mean,1.88,1.43198
14946,random_iid,1000,dummy_mean,1.12,1.43198
14953,random_iid,1000,dummy_mean,0.84,1.43198
14955,random_iid,1000,dummy_mean,0.84,1.43198
14983,random_iid,1000,dummy_mean,0.88,1.43198
14994,random_iid,1000,dummy_mean,1.22,1.43198
14995,random_iid,1000,dummy_mean,2.88,1.43198
15010,random_iid,1000,dummy_mean,1.14,1.43198
15015,random_iid,1000,dummy_mean,1.28,1.43198
15016,random_iid,1000,dummy_mean,2.06,1.43198
15045,random_iid,1000,dummy_mean,0.44,1.43198
15054,random_iid,1000,dummy_mean,1.04,1.43198
15067,random_iid,1000,dummy_mean,0.54,1.43198
15103,random_iid,1000,dummy_mean,1.18,1.43198
15108,random_iid,1000,dummy_mean,1.06,1.43198
15116,random_iid,1000,dummy_mean,1.42,1.43198
15120,random_iid,1000,dummy_mean,1.1,1.43198
15121,random_iid,1000,dummy_mean,2.72,1.43198
15123,random_iid,1000,dummy_mean,1.98,1.43198
15126,random_iid,1000,dummy_mean,1.18,1.43198
15139,random_iid,1000,dummy_mean,1.44,1.43198
15150,random_iid,1000,dummy_mean,1.2,1.43198
15161,random_iid,1000,dummy_mean,3.34,1.43198
15186,random_iid,1000,dummy_mean,0.6,1.43198
15196,random_iid,1000,dummy_mean,2.18,1.43198
15204,random_iid,1000,dummy_mean,1.3,1.43198
15211,random_iid,1000,dummy_mean,1.12,1.43198
15214,random_iid,1000,dummy_mean,0.72,1.43198
15218,random_iid,1000,dummy_mean,3.58,1.43198
15219,random_iid,1000,dummy_mean,1.64,1.43198
15231,random_iid,1000,dummy_mean,0.66,1.43198
15262,random_iid,1000,dummy_mean,3.04,1.43198
15288,random_iid,1000,dummy_mean,1.28,1.43198
15290,random_iid,1000,dummy_mean,0.92,1.43198
15293,random_iid,1000,dummy_mean,0.68,1.43198
15296,random_iid,1000,dummy_mean,2.92,1.43198
15298,random_iid,1000,dummy_mean,0.94,1.43198
15300,random_iid,1000,dummy_mean,1.6,1.43198
15310,random_iid,1000,dummy_mean,1.46,1.43198
15361,random_iid,1000,dummy_mean,0.1,1.43198
15362,random_iid,1000,dummy_mean,1.1,1.43198
15377,random_iid,1000,dummy_mean,2.04,1.43198
15389,random_iid,1000,dummy_mean,2.76,1.43198
15405,random_iid,1000,dummy_mean,1.48,1.43198
15423,random_iid,1000,dummy_mean,1.96,1.43198
15448,random_iid,1000,dummy_mean,1.6,1.43198
15450,random_iid,1000,dummy_mean,1.82,1.43198
15455,random_iid,1000,dummy_mean,2.88,1.43198
15461,random_iid,1000,dummy_mean,1.38,1.43198
15474,random_iid,1000,dummy_mean,1.98,1.43198
15479,random_iid,1000,dummy_mean,1.18,1.43198
15489,random_iid,1000,dummy_mean,1.4,1.43198
15491,random_iid,1000,dummy_mean,1.04,1.43198
15510,random_iid,1000,dummy_mean,1.08,1.43198
15528,random_iid,1000,dummy_mean,1.94,1.43198
15538,random_iid,1000,dummy_mean,1.22,1.43198
15542,random_iid,1000,dummy_mean,0.76,1.43198
15556,random_iid,1000,dummy_mean,2.14,1.43198
15567,random_iid,1000,dummy_mean,0.26,1.43198
15568,random_iid,1000,dummy_mean,1.24,1.43198
15570,random_iid,1000,dummy_mean,0.68,1.43198
15590,random_iid,1000,dummy_mean,0.84,1.43198
15617,random_iid,1000,dummy_mean,1.1,1.43198
15619,random_iid,1000,dummy_mean,3.22,1.43198
15626,random_iid,1000,dummy_mean,1.62,1.43198
15628,random_iid,1000,dummy_mean,0.76,1.43198
15633,random_iid,1000,dummy_mean,1.28,1.43198
15648,random_iid,1000,dummy_mean,1.26,1.43198
15660,random_iid,1000,dummy_mean,1.06,1.43198
15667,random_iid,1000,dummy_mean,3.32,1.43198
15672,random_iid,1000,dummy_mean,2.66,1.43198
15676,random_iid,1000,dummy_mean,2.26,1.43198
15687,random_iid,1000,dummy_mean,1.68,1.43198
15689,random_iid,1000,dummy_mean,2.22,1.43198
15692,random_iid,1000,dummy_mean,1.9,1.43198
15693,random_iid,1000,dummy_mean,1.3,1.43198
15695,random_iid,1000,dummy_mean,1.92,1.43198
15709,random_iid,1000,dummy_mean,1.48,1.43198
15737,random_iid,1000,dummy_mean,0.98,1.43198
15744,random_iid,1000,dummy_mean,2.32,1.43198
15771,random_iid,1000,dummy_mean,1.86,1.43198
15786,random_iid,1000,dummy_mean,2.08,1.43198
15791,random_iid,1000,dummy_mean,1.4,1.43198
15792,random_iid,1000,dummy_mean,2.96,1.43198
15802,random_iid,1000,dummy_mean,2.48,1.43198
15804,random_iid,1000,dummy_mean,2.1,1.43198
15818,random_iid,1000,dummy_mean,0.6,1.43198
15821,random_iid,1000,dummy_mean,1.44,1.43198
15849,random_iid,1000,dummy_mean,1.7,1.43198
15865,random_iid,1000,dummy_mean,1.1,1.43198
15872,random_iid,1000,dummy_mean,1.68,1.43198
15875,random_iid,1000,dummy_mean,1.52,1.43198
15877,random_iid,1000,dummy_mean,1.34,1.43198
15878,random_iid,1000,dummy_mean,1.96,1.43198
15879,random_iid,1000,dummy_mean,1.44,1.43198
15903,random_iid,1000,dummy_mean,0.8,1.43198
15905,random_iid,1000,dummy_mean,2.98,1.43198
15911,random_iid,1000,dummy_mean,2.38,1.43198
15912,random_iid,1000,dummy_mean,0.78,1.43198
15916,random_iid,1000,dummy_mean,1.36,1.43198
15926,random_iid,1000,dummy_mean,1.0,1.43198
15928,random_iid,1000,dummy_mean,-0.06,1.43198
15937,random_iid,1000,dummy_mean,0.92,1.43198
15961,random_iid,1000,dummy_mean,1.08,1.43198
15973,random_iid,1000,dummy_mean,1.24,1.43198
15994,random_iid,1000,dummy_mean,1.68,1.43198
15998,random_iid,1000,dummy_mean,0.6,1.43198
16003,random_iid,1000,dummy_mean,0.88,1.43198
16004,random_iid,1000,dummy_mean,2.2,1.43198
16007,random_iid,1000,dummy_mean,1.1,1.43198
16008,random_iid,1000,dummy_mean,1.98,1.43198
16016,random_iid,1000,dummy_mean,0.38,1.43198
16026,random_iid,1000,dummy_mean,1.88,1.43198
16047,random_iid,1000,dummy_mean,1.74,1.43198
16055,random_iid,1000,dummy_mean,0.62,1.43198
16057,random_iid,1000,dummy_mean,1.3,1.43198
16060,random_iid,1000,dummy_mean,1.8,1.43198
16061,random_iid,1000,dummy_mean,0.76,1.43198
16067,random_iid,1000,dummy_mean,1.7,1.43198
16075,random_iid,1000,dummy_mean,1.32,1.43198
16078,random_iid,1000,dummy_mean,1.6,1.43198
16095,random_iid,1000,dummy_mean,0.6,1.43198
16101,random_iid,1000,dummy_mean,1.34,1.43198
16110,random_iid,1000,dummy_mean,1.16,1.43198
16128,random_iid,1000,dummy_mean,1.16,1.43198
16139,random_iid,1000,dummy_mean,1.24,1.43198
16153,random_iid,1000,dummy_mean,1.18,1.43198
16167,random_iid,1000,dummy_mean,1.2,1.43198
16171,random_iid,1000,dummy_mean,0.9,1.43198
16172,random_iid,1000,dummy_mean,1.46,1.43198
16176,random_iid,1000,dummy_mean,0.74,1.43198
16180,random_iid,1000,dummy_mean,2.3,1.43198
16194,random_iid,1000,dummy_mean,2.54,1.43198
16208,random_iid,1000,dummy_mean,1.08,1.43198
16222,random_iid,1000,dummy_mean,1.88,1.43198
16228,random_iid,1000,dummy_mean,0.34,1.43198
16229,random_iid,1000,dummy_mean,3.7,1.43198
16234,random_iid,1000,dummy_mean,0.64,1.43198
16240,random_iid,1000,dummy_mean,1.78,1.43198
16242,random_iid,1000,dummy_mean,1.34,1.43198
16245,random_iid,1000,dummy_mean,1.62,1.43198
16251,random_iid,1000,dummy_mean,0.82,1.43198
16253,random_iid,1000,dummy_mean,2.14,1.43198
16262,random_iid,1000,dummy_mean,1.44,1.43198
16268,random_iid,1000,dummy_mean,0.32,1.43198
16269,random_iid,1000,dummy_mean,0.54,1.43198
16277,random_iid,1000,dummy_mean,1.98,1.43198
16279,random_iid,1000,dummy_mean,1.2,1.43198
16289,random_iid,1000,dummy_mean,2.08,1.43198
16296,random_iid,1000,dummy_mean,3.36,1.43198
16301,random_iid,1000,dummy_mean,1.08,1.43198
16325,random_iid,1000,dummy_mean,2.54,1.43198
16331,random_iid,1000,dummy_mean,1.92,1.43198
16337,random_iid,1000,dummy_mean,2.32,1.43198
16340,random_iid,1000,dummy_mean,1.8,1.43198
16343,random_iid,1000,dummy_mean,0.9,1.43198
16344,random_iid,1000,dummy_mean,1.1,1.43198
16361,random_iid,1000,dummy_mean,2.7,1.43198
16382,random_iid,1000,dummy_mean,0.58,1.43198
16399,random_iid,1000,dummy_mean,2.2,1.43198
16418,random_iid,1000,dummy_mean,2.78,1.43198
16426,random_iid,1000,dummy_mean,2.04,1.43198
16427,random_iid,1000,dummy_mean,0.96,1.43198
16439,random_iid,1000,dummy_mean,1.76,1.43198
16441,random_iid,1000,dummy_mean,0.94,1.43198
16459,random_iid,1000,dummy_mean,1.36,1.43198
16467,random_iid,1000,dummy_mean,1.82,1.43198
16468,random_iid,1000,dummy_mean,0.98,1.43198
16510,random_iid,1000,dummy_mean,3.7,1.43198
16541,random_iid,1000,dummy_mean,1.94,1.43198
16545,random_iid,1000,dummy_mean,0.7,1.43198
16559,random_iid,1000,dummy_mean,1.4,1.43198
16566,random_iid,1000,dummy_mean,1.94,1.43198
16573,random_iid,1000,dummy_mean,0.98,1.43198
16574,random_iid,1000,dummy_mean,1.48,1.43198
16581,random_iid,1000,dummy_mean,1.6,1.43198
16584,random_iid,1000,dummy_mean,0.72,1.43198
16588,random_iid,1000,dummy_mean,0.8,1.43198
16591,random_iid,1000,dummy_mean,1.38,1.43198
16598,random_iid,1000,dummy_mean,2.18,1.43198
16605,random_iid,1000,dummy_mean,1.22,1.43198
16611,random_iid,1000,dummy_mean,4.2,1.43198
16614,random_iid,1000,dummy_mean,1.62,1.43198
16628,random_iid,1000,dummy_mean,1.34,1.43198
16637,random_iid,1000,dummy_mean,1.48,1.43198
16638,random_iid,1000,dummy_mean,0.82,1.43198
16640,random_iid,1000,dummy_mean,3.98,1.43198
16641,random_iid,1000,dummy_mean,2.14,1.43198
16643,random_iid,1000,dummy_mean,1.14,1.43198
16656,random_iid,1000,dummy_mean,1.18,1.43198
16660,random_iid,1000,dummy_mean,1.74,1.43198
16668,random_iid,1000,dummy_mean,0.8,1.43198
16671,random_iid,1000,dummy_mean,2.68,1.43198
16679,random_iid,1000,dummy_mean,0.82,1.43198
16680,random_iid,1000,dummy_mean,2.36,1.43198
16684,random_iid,1000,dummy_mean,1.32,1.43198
16727,random_iid,1000,dummy_mean,0.68,1.43198
16733,random_iid,1000,dummy_mean,1.78,1.43198
16738,random_iid,1000,dummy_mean,0.92,1.43198
16742,random_iid,1000,dummy_mean,2.62,1.43198
16743,random_iid,1000,dummy_mean,0.84,1.43198
16746,random_iid,1000,dummy_mean,2.02,1.43198
16758,random_iid,1000,dummy_mean,1.34,1.43198
16761,random_iid,1000,dummy_mean,2.02,1.43198
16785,random_iid,1000,dummy_mean,0.82,1.43198
16792,random_iid,1000,dummy_mean,1.18,1.43198
16796,random_iid,1000,dummy_mean,2.04,1.43198
16799,random_iid,1000,dummy_mean,0.6,1.43198
16808,random_iid,1000,dummy_mean,1.58,1.43198
16816,random_iid,1000,dummy_mean,1.4,1.43198
16820,random_iid,1000,dummy_mean,0.4,1.43198
16823,random_iid,1000,dummy_mean,1.94,1.43198
16854,random_iid,1000,dummy_mean,3.6,1.43198
16861,random_iid,1000,dummy_mean,2.18,1.43198
16869,random_iid,1000,dummy_mean,0.84,1.43198
16870,random_iid,1000,dummy_mean,2.44,1.43198
16883,random_iid,1000,dummy_mean,1.0,1.43198
16916,random_iid,1000,dummy_mean,0.92,1.43198
16919,random_iid,1000,dummy_mean,1.0,1.43198
16927,random_iid,1000,dummy_mean,0.7,1.43198
16929,random_iid,1000,dummy_mean,1.3,1.43198
16949,random_iid,1000,dummy_mean,1.58,1.43198
16968,random_iid,1000,dummy_mean,1.24,1.43198
16970,random_iid,1000,dummy_mean,1.56,1.43198
16971,random_iid,1000,dummy_mean,1.66,1.43198
16972,random_iid,1000,dummy_mean,1.36,1.43198
16989,random_iid,1000,dummy_mean,3.24,1.43198
17011,random_iid,1000,dummy_mean,2.0,1.43198
17028,random_iid,1000,dummy_mean,1.0,1.43198
17034,random_iid,1000,dummy_mean,0.86,1.43198
17042,random_iid,1000,dummy_mean,2.54,1.43198
17060,random_iid,1000,dummy_mean,1.52,1.43198
17062,random_iid,1000,dummy_mean,1.88,1.43198
17104,random_iid,1000,dummy_mean,1.46,1.43198
17113,random_iid,1000,dummy_mean,2.3,1.43198
17121,random_iid,1000,dummy_mean,0.78,1.43198
17122,random_iid,1000,dummy_mean,1.74,1.43198
17132,random_iid,1000,dummy_mean,-0.04,1.43198
17149,random_iid,1000,dummy_mean,2.28,1.43198
17165,random_iid,1000,dummy_mean,1.8,1.43198
17169,random_iid,1000,dummy_mean,1.2,1.43198
17170,random_iid,1000,dummy_mean,1.38,1.43198
17171,random_iid,1000,dummy_mean,1.9,1.43198
17186,random_iid,1000,dummy_mean,2.74,1.43198
17191,random_iid,1000,dummy_mean,0.92,1.43198
17194,random_iid,1000,dummy_mean,1.22,1.43198
17195,random_iid,1000,dummy_mean,2.9,1.43198
17201,random_iid,1000,dummy_mean,1.82,1.43198
17210,random_iid,1000,dummy_mean,2.22,1.43198
17219,random_iid,1000,dummy_mean,0.26,1.43198
17244,random_iid,1000,dummy_mean,1.4,1.43198
17268,random_iid,1000,dummy_mean,1.16,1.43198
17292,random_iid,1000,dummy_mean,1.0,1.43198
17344,random_iid,1000,dummy_mean,0.96,1.43198
17349,random_iid,1000,dummy_mean,1.28,1.43198
17362,random_iid,1000,dummy_mean,0.6,1.43198
17363,random_iid,1000,dummy_mean,1.74,1.43198
17379,random_iid,1000,dummy_mean,1.42,1.43198
17380,random_iid,1000,dummy_mean,1.78,1.43198
17385,random_iid,1000,dummy_mean,1.48,1.43198
17390,random_iid,1000,dummy_mean,0.52,1.43198
17414,random_iid,1000,dummy_mean,1.04,1.43198
17419,random_iid,1000,dummy_mean,1.8,1.43198
17431,random_iid,1000,dummy_mean,1.02,1.43198
17451,random_iid,1000,dummy_mean,1.44,1.43198
17452,random_iid,1000,dummy_mean,0.68,1.43198
17457,random_iid,1000,dummy_mean,2.08,1.43198
17463,random_iid,1000,dummy_mean,1.74,1.43198
17467,random_iid,1000,dummy_mean,1.06,1.43198
17481,random_iid,1000,dummy_mean,0.96,1.43198
17484,random_iid,1000,dummy_mean,1.04,1.43198
17488,random_iid,1000,dummy_mean,1.6,1.43198
17490,random_iid,1000,dummy_mean,1.2,1.43198
17493,random_iid,1000,dummy_mean,1.46,1.43198
17497,random_iid,1000,dummy_mean,2.46,1.43198
17511,random_iid,1000,dummy_mean,1.2,1.43198
17535,random_iid,1000,dummy_mean,1.98,1.43198
17536,random_iid,1000,dummy_mean,1.6,1.43198
17542,random_iid,1000,dummy_mean,2.02,1.43198
17544,random_iid,1000,dummy_mean,1.08,1.43198
17554,random_iid,1000,dummy_mean,1.8,1.43198
17560,random_iid,1000,dummy_mean,2.34,1.43198
17592,random_iid,1000,dummy_mean,1.44,1.43198
17596,random_iid,1000,dummy_mean,1.48,1.43198
17597,random_iid,1000,dummy_mean,1.0,1.43198
17598,random_iid,1000,dummy_mean,1.24,1.43198
17603,random_iid,1000,dummy_mean,0.94,1.43198
17608,random_iid,1000,dummy_mean,1.34,1.43198
17619,random_iid,1000,dummy_mean,1.62,1.43198
17621,random_iid,1000,dummy_mean,0.88,1.43198
17623,random_iid,1000,dummy_mean,1.08,1.43198
17628,random_iid,1000,dummy_mean,0.36,1.43198
17637,random_iid,1000,dummy_mean,1.74,1.43198
17642,random_iid,1000,dummy_mean,0.98,1.43198
17647,random_iid,1000,dummy_mean,0.18,1.43198
17658,random_iid,1000,dummy_mean,0.5,1.43198
17678,random_iid,1000,dummy_mean,0.8,1.43198
17703,random_iid,1000,dummy_mean,1.96,1.43198
17707,random_iid,1000,dummy_mean,0.88,1.43198
17729,random_iid,1000,dummy_mean,1.5,1.43198
17731,random_iid,1000,dummy_mean,0.7,1.43198
17738,random_iid,1000,dummy_mean,1.22,1.43198
17761,random_iid,1000,dummy_mean,1.3,1.43198
17788,random_iid,1000,dummy_mean,2.54,1.43198
17789,random_iid,1000,dummy_mean,1.12,1.43198
17825,random_iid,1000,dummy_mean,1.32,1.43198
17827,random_iid,1000,dummy_mean,1.44,1.43198
17847,random_iid,1000,dummy_mean,0.68,1.43198
17851,random_iid,1000,dummy_mean,0.98,1.43198
17864,random_iid,1000,dummy_mean,0.84,1.43198
17871,random_iid,1000,dummy_mean,1.3,1.43198
17885,random_iid,1000,dummy_mean,0.44,1.43198
17892,random_iid,1000,dummy_mean,1.36,1.43198
17898,random_iid,1000,dummy_mean,1.18,1.43198
17925,random_iid,1000,dummy_mean,2.02,1.43198
17926,random_iid,1000,dummy_mean,2.16,1.43198
17927,random_iid,1000,dummy_mean,1.02,1.43198
17932,random_iid,1000,dummy_mean,1.32,1.43198
17939,random_iid,1000,dummy_mean,1.8,1.43198
17950,random_iid,1000,dummy_mean,3.92,1.43198
17970,random_iid,1000,dummy_mean,1.66,1.43198
17974,random_iid,1000,dummy_mean,1.18,1.43198
17989,random_iid,1000,dummy_mean,1.32,1.43198
18004,random_iid,1000,dummy_mean,1.1,1.43198
18022,random_iid,1000,dummy_mean,1.36,1.43198
18024,random_iid,1000,dummy_mean,2.88,1.43198
18043,random_iid,1000,dummy_mean,1.56,1.43198
18080,random_iid,1000,dummy_mean,1.3,1.43198
18113,random_iid,1000,dummy_mean,1.58,1.43198
18114,random_iid,1000,dummy_mean,0.58,1.43198
18123,random_iid,1000,dummy_mean,0.96,1.43198
18127,random_iid,1000,dummy_mean,0.72,1.43198
18128,random_iid,1000,dummy_mean,1.48,1.43198
18130,random_iid,1000,dummy_mean,1.2,1.43198
18145,random_iid,1000,dummy_mean,1.62,1.43198
18149,random_iid,1000,dummy_mean,0.72,1.43198
18171,random_iid,1000,dummy_mean,2.16,1.43198
18191,random_iid,1000,dummy_mean,0.76,1.43198
18208,random_iid,1000,dummy_mean,1.66,1.43198
18217,random_iid,1000,dummy_mean,1.4,1.43198
18226,random_iid,1000,dummy_mean,0.76,1.43198
18229,random_iid,1000,dummy_mean,1.1,1.43198
18230,random_iid,1000,dummy_mean,0.58,1.43198
18234,random_iid,1000,dummy_mean,0.68,1.43198
18251,random_iid,1000,dummy_mean,0.42,1.43198
18253,random_iid,1000,dummy_mean,1.7,1.43198
18255,random_iid,1000,dummy_mean,1.58,1.43198
18275,random_iid,1000,dummy_mean,0.32,1.43198
18280,random_iid,1000,dummy_mean,0.68,1.43198
18282,random_iid,1000,dummy_mean,0.78,1.43198
18289,random_iid,1000,dummy_mean,1.62,1.43198
18291,random_iid,1000,dummy_mean,1.14,1.43198
18295,random_iid,1000,dummy_mean,1.64,1.43198
18328,random_iid,1000,dummy_mean,1.56,1.43198
18337,random_iid,1000,dummy_mean,0.38,1.43198
18344,random_iid,1000,dummy_mean,1.04,1.43198
18345,random_iid,1000,dummy_mean,1.16,1.43198
18350,random_iid,1000,dummy_mean,2.06,1.43198
18356,random_iid,1000,dummy_mean,1.92,1.43198
18362,random_iid,1000,dummy_mean,0.72,1.43198
18364,random_iid,1000,dummy_mean,1.68,1.43198
18370,random_iid,1000,dummy_mean,1.24,1.43198
18376,random_iid,1000,dummy_mean,1.1,1.43198
18378,random_iid,1000,dummy_mean,1.98,1.43198
18386,random_iid,1000,dummy_mean,0.28,1.43198
18397,random_iid,1000,dummy_mean,3.12,1.43198
18423,random_iid,1000,dummy_mean,0.8,1.43198
18432,random_iid,1000,dummy_mean,0.98,1.43198
18433,random_iid,1000,dummy_mean,1.22,1.43198
18437,random_iid,1000,dummy_mean,0.66,1.43198
18439,random_iid,1000,dummy_mean,2.42,1.43198
18457,random_iid,1000,dummy_mean,2.48,1.43198
18478,random_iid,1000,dummy_mean,0.32,1.43198
18492,random_iid,1000,dummy_mean,1.18,1.43198
18504,random_iid,1000,dummy_mean,1.52,1.43198
18513,random_iid,1000,dummy_mean,1.04,1.43198
18518,random_iid,1000,dummy_mean,0.38,1.43198
18520,random_iid,1000,dummy_mean,0.66,1.43198
18523,random_iid,1000,dummy_mean,0.92,1.43198
18533,random_iid,1000,dummy_mean,1.12,1.43198
18546,random_iid,1000,dummy_mean,1.7,1.43198
18554,random_iid,1000,dummy_mean,2.28,1.43198
18566,random_iid,1000,dummy_mean,2.24,1.43198
18579,random_iid,1000,dummy_mean,1.18,1.43198
18595,random_iid,1000,dummy_mean,0.64,1.43198
18596,random_iid,1000,dummy_mean,1.4,1.43198
18605,random_iid,1000,dummy_mean,1.18,1.43198
18608,random_iid,1000,dummy_mean,0.66,1.43198
18610,random_iid,1000,dummy_mean,1.46,1.43198
18629,random_iid,1000,dummy_mean,0.9,1.43198
18655,random_iid,1000,dummy_mean,1.88,1.43198
18658,random_iid,1000,dummy_mean,2.08,1.43198
18665,random_iid,1000,dummy_mean,1.48,1.43198
18673,random_iid,1000,dummy_mean,2.62,1.43198
18676,random_iid,1000,dummy_mean,1.12,1.43198
18679,random_iid,1000,dummy_mean,2.14,1.43198
18680,random_iid,1000,dummy_mean,1.02,1.43198
18693,random_iid,1000,dummy_mean,1.4,1.43198
18694,random_iid,1000,dummy_mean,1.0,1.43198
18717,random_iid,1000,dummy_mean,0.18,1.43198
18726,random_iid,1000,dummy_mean,1.12,1.43198
18743,random_iid,1000,dummy_mean,2.14,1.43198
18752,random_iid,1000,dummy_mean,0.48,1.43198
18755,random_iid,1000,dummy_mean,0.98,1.43198
18758,random_iid,1000,dummy_mean,1.46,1.43198
18763,random_iid,1000,dummy_mean,1.46,1.43198
18766,random_iid,1000,dummy_mean,0.98,1.43198
18775,random_iid,1000,dummy_mean,3.36,1.43198
18776,random_iid,1000,dummy_mean,2.0,1.43198
18781,random_iid,1000,dummy_mean,2.4,1.43198
18786,random_iid,1000,dummy_mean,1.66,1.43198
18794,random_iid,1000,dummy_mean,1.98,1.43198
18800,random_iid,1000,dummy_mean,1.94,1.43198
18810,random_iid,1000,dummy_mean,1.38,1.43198
18818,random_iid,1000,dummy_mean,1.1,1.43198
18819,random_iid,1000,dummy_mean,1.46,1.43198
18850,random_iid,1000,dummy_mean,1.84,1.43198
18858,random_iid,1000,dummy_mean,0.8,1.43198
18885,random_iid,1000,dummy_mean,0.7,1.43198
18902,random_iid,1000,dummy_mean,2.78,1.43198
18904,random_iid,1000,dummy_mean,2.36,1.43198
18924,random_iid,1000,dummy_mean,2.12,1.43198
18926,random_iid,1000,dummy_mean,2.48,1.43198
