candidate,split,n_samples,fraction,n_reduced_formula_groups,n_element_set_groups,warning
random_iid,train,15142,0.7999788672865596,9177,7933,
random_iid,val,1893,0.1000105663567202,1806,1758,
random_iid,test,1893,0.1000105663567202,1785,1729,
group_reduced_formula,train,15136,0.7996618765849535,7716,6806,
group_reduced_formula,val,1900,0.1003803888419273,965,949,
group_reduced_formula,test,1892,0.09995773457311918,965,952,
group_element_set,train,15104,0.797971259509721,7694,6614,
group_element_set,val,1907,0.10075021132713441,974,827,
group_element_set,test,1917,0.10127852916314455,978,827,
