candidate,split,count,mean,std,min,max,skewness,q01,q05,q10,q25,q50,q75,q90,q95,q99
random_iid,train,15142,1.4670070003962488,0.7379409570129001,-0.64,5.16,0.9428302389257192,0.14,0.46,0.64,0.96,1.36,1.84,2.42,2.86,3.8
random_iid,val,1893,1.4826307448494453,0.7626647740345672,-0.34,4.76,0.9860429740196899,0.13840000000000005,0.44,0.62,0.98,1.36,1.86,2.48,2.96,3.9215999999999984
random_iid,test,1893,1.4906286318013735,0.7582392226587169,-0.42,4.62,0.8616855205475284,0.11840000000000003,0.44,0.64,0.96,1.38,1.9,2.5,2.92,3.7215999999999987
group_reduced_formula,train,15136,1.4741028012684987,0.7461541442666909,-0.64,5.16,0.9442592058737184,0.14,0.46,0.64,0.96,1.38,1.86,2.45,2.9,3.82
group_reduced_formula,val,1900,1.4592315789473684,0.7208093565875163,-0.38,4.98,0.9681862753869153,0.14,0.46,0.64,0.98,1.36,1.82,2.4,2.780999999999999,3.7402
group_reduced_formula,test,1892,1.4573150105708244,0.7347424102645815,-0.32,4.86,0.8682615292876918,0.1,0.42,0.6,0.98,1.36,1.84,2.4,2.84,3.7217999999999987
group_element_set,train,15104,1.4729687500000002,0.7406627575018617,-0.64,4.98,0.9396292201098473,0.14,0.46,0.64,0.98,1.36,1.86,2.44,2.9,3.8
group_element_set,val,1907,1.4749868904037757,0.757847532706347,-0.58,4.7,0.9576446140740906,0.1412,0.44,0.62,0.96,1.38,1.86,2.44,2.86,3.957600000000002
group_element_set,test,1917,1.4508502869066249,0.7416375529417134,-0.58,5.16,0.92081391938214,0.1,0.4360000000000002,0.6,0.96,1.36,1.82,2.4080000000000017,2.82,3.843999999999992
