split_strategy,split,n_samples,n_low_10,fraction_low_10,n_middle_80,fraction_middle_80,n_high_10,fraction_high_10,n_low_5,fraction_low_5,n_high_5,fraction_high_5
random_iid,train,15142,1597,0.10546823405098402,12036,0.7948751816140536,1509,0.09965658433496236,777,0.05131422533350945,756,0.049927354378549726
random_iid,val,1893,202,0.10670892762810354,1486,0.7849973586899102,205,0.10829371368198626,106,0.055995773903856315,108,0.05705229793977813
random_iid,test,1893,195,0.10301109350237718,1491,0.7876386687797148,207,0.10935023771790808,104,0.0549392498679345,105,0.0554675118858954
group_reduced_formula,train,15136,1587,0.10484936575052854,11993,0.7923493657505285,1556,0.10280126849894292,776,0.051268498942917545,797,0.052655919661733615
group_reduced_formula,val,1900,193,0.10157894736842105,1526,0.8031578947368421,181,0.09526315789473684,99,0.05210526315789474,83,0.04368421052631579
group_reduced_formula,test,1892,214,0.113107822410148,1494,0.7896405919661733,184,0.09725158562367865,112,0.05919661733615222,89,0.04704016913319239
group_element_set,train,15104,1554,0.10288665254237288,12007,0.7949549788135594,1543,0.1021583686440678,762,0.05045021186440678,787,0.052105402542372885
group_element_set,val,1907,223,0.11693759832197169,1492,0.7823807026743577,192,0.10068169900367069,108,0.05663345568956476,93,0.04876769795490299
group_element_set,test,1917,217,0.11319770474700053,1514,0.7897756911841419,186,0.09702660406885759,117,0.06103286384976526,89,0.046426708398539386
