sample_id,split,y_true,y_pred
3,test,1.24,1.192445
6,test,1.56,1.8125654
19,test,0.46,0.90090376
35,test,1.3,1.8520305
42,test,1.4,1.3458102
47,test,0.7,1.321202
57,test,0.84,1.2585032
59,test,0.64,1.4253801
72,test,0.82,1.3901333
88,test,0.62,0.48073995
101,test,1.48,1.6416732
103,test,0.42,0.6961968
119,test,1.7,1.5332329
123,test,1.0,1.1926888
127,test,0.48,0.8707386
134,test,0.56,0.98103327
137,test,1.6,2.2424278
169,test,-0.04,0.78541213
200,test,2.18,2.1598632
217,test,1.42,1.4093792
247,test,0.84,1.6773036
251,test,0.14,1.9669402
273,test,0.92,0.7803
286,test,1.14,1.0070599
290,test,1.22,1.6880511
291,test,2.66,1.5958478
313,test,0.82,1.3361553
322,test,1.62,1.6530422
323,test,0.42,0.9807233
326,test,0.32,0.99488384
327,test,1.18,0.6021512
344,test,1.46,1.4786173
351,test,1.62,1.5904348
361,test,0.8,0.4371272
379,test,2.4,1.9950776
387,test,2.02,2.3338535
401,test,0.88,2.3620524
409,test,1.42,1.9080628
410,test,1.0,2.0443015
423,test,0.98,1.4199073
424,test,1.9,1.4676299
438,test,1.3,1.3575724
450,test,1.2,0.47070822
460,test,1.0,1.1719671
467,test,0.08,0.39692494
476,test,0.72,0.84932375
485,test,0.84,0.27687952
487,test,0.6,1.3928202
542,test,2.46,2.6152139
549,test,0.88,0.5643284
553,test,2.56,2.0623755
558,test,1.26,1.5912268
563,test,1.62,1.5196242
576,test,2.2,1.9657707
608,test,1.4,1.5286208
621,test,1.5,1.117108
635,test,0.96,1.0306473
651,test,2.28,1.5501524
657,test,1.26,1.3840536
705,test,1.0,0.84650904
707,test,0.64,0.5898446
708,test,0.88,1.2071228
715,test,1.98,1.6771957
729,test,0.5,0.9757487
733,test,2.86,1.9568388
736,test,1.8,1.5749235
744,test,1.28,1.0962368
751,test,1.38,1.6720372
795,test,0.56,0.99584866
817,test,0.56,0.89566505
820,test,1.5,1.3949203
828,test,2.26,1.6156403
852,test,2.46,2.064533
856,test,1.4,1.5004901
878,test,2.66,1.8769013
927,test,0.32,1.1633358
928,test,0.66,1.2027435
936,test,0.84,0.976789
960,test,1.12,2.6489155
963,test,1.62,1.2924366
967,test,1.58,1.4359947
970,test,1.28,1.4090043
971,test,2.2,1.6596798
977,test,1.24,1.4033048
980,test,1.42,1.2113919
1020,test,0.72,1.0965542
1023,test,1.46,1.5355942
1026,test,2.56,2.1805027
1027,test,1.38,0.98427075
1034,test,0.72,0.5160135
1035,test,1.28,1.3450944
1066,test,1.24,1.2398282
1071,test,1.6,1.9427214
1084,test,2.42,2.1701684
1086,test,0.6,0.97316104
1087,test,0.9,1.350771
1092,test,0.9,0.97864795
1114,test,1.02,1.4977716
1144,test,2.02,1.6561233
1147,test,2.66,2.1657166
1157,test,3.72,3.3094163
1158,test,2.24,0.8789839
1162,test,0.98,1.1874363
1163,test,2.88,2.578007
1182,test,0.46,0.77903336
1199,test,2.24,1.8514452
1213,test,1.48,1.203025
1261,test,1.4,1.4103571
1272,test,1.16,1.0391262
1290,test,1.46,1.4384941
1297,test,1.48,1.1596307
1303,test,2.28,2.085189
1321,test,1.18,0.90775925
1323,test,2.54,1.3720582
1328,test,0.12,0.44715044
1346,test,2.52,1.931352
1347,test,1.38,1.6761193
1350,test,1.38,1.1001042
1383,test,0.66,0.53483605
1396,test,1.56,1.1683098
1397,test,1.18,1.4093571
1419,test,1.4,1.8113158
1427,test,3.78,2.335191
1429,test,1.94,1.2443881
1430,test,0.62,0.7633913
1444,test,2.44,1.364647
1450,test,0.86,1.678555
1453,test,0.78,0.979862
1456,test,1.64,1.3793173
1493,test,1.04,1.2407786
1510,test,1.84,1.5510651
1512,test,0.94,1.3091558
1527,test,0.82,1.3391957
1554,test,1.0,1.2558738
1557,test,1.0,1.3701633
1580,test,1.88,1.9418511
1599,test,1.02,1.2675056
1611,test,1.16,1.7741791
1624,test,0.94,1.1582214
1632,test,1.02,1.093859
1640,test,0.82,1.4526206
1697,test,0.62,0.9217652
1704,test,2.56,2.462607
1705,test,0.94,1.2781154
1710,test,1.74,2.1325061
1712,test,2.62,2.0865052
1722,test,1.42,1.4715576
1729,test,1.04,1.0116346
1730,test,1.52,1.7708044
1747,test,0.54,2.1678185
1768,test,1.36,1.4093863
1804,test,0.52,0.83980286
1807,test,2.22,1.6666538
1838,test,1.28,0.96843326
1862,test,0.68,0.5635805
1869,test,0.9,1.3476943
1901,test,0.7,1.3354437
1905,test,1.34,1.4965576
1944,test,0.62,0.8282196
1952,test,0.22,0.42590743
1957,test,2.22,1.189187
1981,test,1.96,1.9972956
1983,test,1.16,1.1093646
2008,test,1.62,1.1735321
2020,test,2.04,1.4074663
2026,test,0.82,1.5420316
2043,test,0.66,0.89698833
2066,test,0.72,1.1496904
2078,test,1.12,0.79029137
2111,test,1.56,1.680983
2112,test,2.36,1.646688
2117,test,1.6,1.6586865
2119,test,1.0,0.8478522
2127,test,1.84,1.3469821
2129,test,1.24,0.92005944
2136,test,1.32,0.9737313
2145,test,1.6,1.698211
2152,test,0.82,0.5005707
2167,test,2.98,2.7652621
2174,test,2.36,1.2587167
2177,test,1.36,1.469886
2189,test,1.44,1.1261877
2214,test,2.9,3.3704553
2221,test,0.22,1.2733431
2232,test,2.0,1.5117218
2238,test,0.84,1.1673236
2247,test,0.56,0.5193279
2250,test,1.46,1.3273642
2255,test,0.7,0.95413977
2266,test,1.88,1.2906806
2267,test,1.16,1.3151115
2270,test,1.46,1.2400838
2271,test,1.46,1.4671926
2279,test,1.26,0.5160993
2281,test,1.98,1.7193193
2298,test,1.52,1.7660271
2300,test,1.16,1.00212
2301,test,4.0,2.6805081
2308,test,1.82,2.8633142
2312,test,1.74,1.0074424
2315,test,0.82,1.3335798
2319,test,0.98,1.2563696
2325,test,1.7,1.1475217
2334,test,0.38,0.97104365
2360,test,1.82,0.86288506
2388,test,2.92,1.5089742
2392,test,0.74,2.2604432
2403,test,1.64,1.0621405
2405,test,2.14,1.729953
2408,test,1.26,1.1004589
2414,test,0.76,1.095087
2439,test,0.84,0.8979067
2445,test,1.0,1.3293875
2448,test,0.78,1.1187809
2458,test,0.26,1.0192926
2480,test,2.36,2.3187397
2483,test,0.58,1.1140636
2485,test,2.82,3.2766433
2495,test,1.34,0.77830166
2498,test,0.6,0.92650753
2501,test,2.4,2.0283132
2503,test,1.2,0.89877766
2516,test,1.24,1.4420506
2519,test,1.62,1.2953511
2534,test,0.82,0.9442475
2540,test,0.86,0.8374419
2554,test,3.26,2.2443326
2583,test,1.34,1.0185013
2585,test,1.52,1.9873928
2589,test,0.96,1.1541351
2602,test,1.3,1.5464983
2605,test,1.88,1.8428613
2609,test,1.22,1.592225
2614,test,1.42,0.99929404
2616,test,2.0,1.447886
2626,test,1.46,0.95659566
2635,test,2.18,2.2145762
2647,test,1.0,0.9629387
2662,test,1.46,1.0059931
2676,test,0.76,0.84608096
2677,test,1.28,1.4148161
2678,test,2.12,1.5345849
2680,test,2.66,2.1196225
2684,test,1.9,2.0315707
2697,test,2.0,1.1727233
2698,test,0.92,0.90474117
2704,test,1.24,1.3293337
2712,test,1.3,1.2288102
2730,test,1.46,1.7947191
2740,test,1.16,1.1359829
2771,test,0.94,1.3851988
2796,test,2.76,2.494296
2797,test,1.14,1.5102189
2805,test,1.4,1.1007483
2826,test,1.3,1.8002971
2848,test,1.8,2.144453
2856,test,1.4,1.4210728
2862,test,0.56,1.3613561
2878,test,2.96,1.7476308
2879,test,1.78,1.4126397
2929,test,1.08,1.1917508
2937,test,2.2,1.706866
2948,test,1.24,1.707315
2954,test,1.48,0.56054157
2958,test,1.26,1.2370217
2959,test,1.54,1.1833858
2968,test,2.42,1.9122602
2974,test,0.72,0.56110346
2981,test,0.84,1.2895778
2998,test,2.14,2.0007322
3011,test,1.64,1.3211596
3015,test,2.24,1.9238386
3023,test,0.98,0.949103
3043,test,1.22,1.3235729
3048,test,0.48,0.47127402
3059,test,3.44,3.3205044
3073,test,2.14,1.8752949
3077,test,1.56,1.5395083
3105,test,1.84,1.6308706
3106,test,0.42,0.9938503
3128,test,1.34,1.4618541
3165,test,1.34,1.1792444
3169,test,4.58,3.5005286
3194,test,2.82,3.070564
3200,test,1.22,1.3613546
3207,test,1.38,1.3467644
3230,test,2.12,1.8780624
3233,test,3.1,2.1091666
3234,test,0.78,0.7138159
3245,test,1.46,0.9618783
3248,test,1.06,0.9916483
3263,test,0.48,1.078883
3268,test,1.34,1.3936527
3274,test,0.34,0.47535467
3282,test,0.46,0.31293136
3287,test,1.58,0.7359739
3295,test,1.78,1.6195751
3298,test,0.42,1.1654264
3310,test,0.94,1.2812445
3323,test,1.14,1.2245368
3341,test,0.0,1.0977328
3350,test,1.6,1.3904383
3352,test,1.54,1.3114995
3353,test,0.34,1.4376273
3379,test,2.1,1.8881019
3421,test,0.3,0.5473651
3425,test,2.16,2.9094684
3429,test,1.7,1.8334978
3461,test,2.12,2.1762273
3468,test,1.28,1.263102
3472,test,2.58,2.1259649
3477,test,0.1,2.0379899
3485,test,1.96,2.3703876
3486,test,1.58,0.86718
3526,test,2.2,1.5105073
3528,test,3.0,3.280116
3532,test,1.06,0.83389467
3545,test,0.2,0.7318967
3547,test,1.6,1.2792027
3562,test,1.38,1.5079017
3570,test,2.66,1.7660629
3572,test,1.74,2.107866
3585,test,2.34,2.0466971
3588,test,2.94,2.238002
3608,test,0.76,0.76083595
3616,test,2.02,1.328727
3617,test,2.34,1.6904075
3623,test,1.98,1.4966433
3635,test,0.64,1.111234
3651,test,2.9,3.134296
3656,test,0.98,1.179648
3684,test,0.36,1.1874218
3703,test,1.32,1.7263548
3704,test,1.32,0.8610844
3707,test,2.64,2.5316608
3721,test,1.94,1.4456683
3725,test,2.88,3.1487305
3733,test,1.3,1.5647498
3739,test,3.46,3.0685792
3746,test,1.4,1.5636792
3753,test,1.28,1.3431494
3755,test,1.44,1.3996328
3776,test,1.58,1.3246332
3781,test,1.28,2.318382
3788,test,2.04,1.3070476
3798,test,0.56,1.1344532
3821,test,0.96,1.8862351
3844,test,2.94,2.5627992
3848,test,-0.08,0.28856158
3851,test,0.94,1.2629694
3857,test,0.9,1.2987275
3860,test,1.36,1.1921787
3865,test,1.94,1.7995584
3886,test,0.7,0.9197875
3894,test,0.4,1.8834846
3910,test,0.86,1.3310571
3919,test,0.08,1.0718378
3934,test,2.8,2.2766058
3938,test,2.26,1.1767973
3948,test,1.78,1.807402
3974,test,2.74,2.4847033
3975,test,1.24,1.613138
3984,test,1.2,1.1798584
4010,test,0.56,1.1099664
4032,test,2.3,1.689489
4046,test,1.1,1.1356479
4049,test,2.26,1.8842081
4058,test,1.24,1.0818849
4061,test,1.46,1.5614526
4069,test,1.68,1.3456469
4073,test,1.98,1.5689313
4093,test,2.34,1.9523573
4097,test,1.48,0.9527774
4101,test,1.32,1.3964131
4105,test,3.9,2.7756057
4110,test,1.88,1.5597739
4115,test,0.76,0.8194239
4126,test,2.48,1.8537709
4128,test,1.46,1.5099499
4149,test,1.82,2.3339355
4153,test,1.12,0.89252216
4156,test,2.56,1.5614825
4166,test,1.78,1.4750723
4178,test,1.86,1.919794
4193,test,0.44,0.754629
4205,test,1.5,1.0476198
4245,test,2.14,1.4728534
4269,test,1.58,1.1405073
4286,test,2.04,1.9270942
4291,test,0.62,0.9424834
4304,test,1.92,2.5770931
4318,test,1.92,1.9948736
4325,test,1.62,1.8370973
4328,test,2.08,2.3621497
4333,test,1.86,1.2181599
4338,test,2.14,2.0515933
4339,test,1.68,1.6031964
4344,test,2.98,2.1427767
4351,test,1.26,1.1142902
4375,test,1.22,1.4371214
4385,test,1.14,1.6940206
4393,test,1.0,1.0409411
4400,test,1.14,1.5544603
4401,test,1.0,2.2950451
4407,test,1.22,1.0897729
4411,test,0.88,1.2426683
4438,test,3.22,2.265385
4445,test,0.48,0.67523557
4462,test,0.72,1.0906191
4475,test,2.42,2.3142526
4488,test,2.5,1.6233408
4501,test,0.78,0.8731476
4510,test,0.96,0.7383031
4525,test,1.74,1.1407915
4547,test,0.44,0.7739226
4548,test,1.92,1.3829663
4572,test,1.68,1.650761
4574,test,0.38,0.48780474
4577,test,1.9,1.0848458
4590,test,1.16,0.9491781
4596,test,2.6,3.0889342
4600,test,1.84,1.695481
4602,test,2.42,2.3624914
4614,test,1.94,1.2868985
4618,test,1.1,0.8976718
4629,test,0.68,0.7758285
4634,test,1.24,1.0707921
4638,test,0.8,0.94734484
4667,test,0.22,0.54786223
4693,test,1.08,1.612836
4706,test,1.48,1.2351066
4720,test,3.54,2.180201
4730,test,1.54,1.2817339
4731,test,2.42,2.684084
4738,test,2.06,1.5789586
4739,test,0.58,0.32562342
4743,test,0.02,0.6820257
4762,test,1.34,1.5271015
4771,test,1.1,1.006993
4788,test,1.64,1.7097095
4822,test,0.26,0.6483181
4824,test,1.4,1.3800362
4828,test,1.78,1.4560387
4836,test,2.4,1.3833454
4843,test,1.54,1.2869185
4856,test,1.38,1.3826336
4860,test,0.1,1.2174582
4881,test,0.44,0.72002697
4884,test,0.42,0.91943055
4899,test,1.08,0.7105379
4909,test,2.12,1.5014229
4918,test,3.64,2.9754446
4929,test,0.96,1.032342
4935,test,0.96,1.0449152
4936,test,-0.42,0.35307595
4954,test,0.96,1.1790079
4973,test,0.84,0.85500795
4977,test,2.2,1.3739935
4981,test,1.6,1.6403786
4982,test,0.58,1.0805938
4983,test,2.7,1.6720212
4989,test,2.0,0.88072795
4999,test,0.98,1.0777998
5000,test,1.22,1.6795548
5019,test,1.76,1.6240973
5020,test,1.1,1.4174176
5022,test,0.42,0.8163552
5026,test,1.26,1.0723084
5028,test,0.52,1.0088935
5035,test,1.18,1.3100704
5038,test,1.8,1.7011757
5069,test,1.98,0.68308705
5094,test,1.02,1.3582041
5106,test,1.98,2.4355361
5107,test,1.2,1.2240797
5112,test,1.8,1.830202
5116,test,0.16,0.48009804
5118,test,0.8,1.2210237
5129,test,0.62,1.1527205
5133,test,3.42,2.359835
5148,test,1.08,1.4985385
5170,test,2.76,1.4966663
5182,test,2.68,3.7664144
5186,test,1.82,1.1833272
5194,test,3.48,2.444242
5195,test,1.76,1.6647757
5203,test,1.44,1.2187897
5217,test,1.38,1.938838
5219,test,2.18,2.1381166
5224,test,0.86,1.6790117
5230,test,1.06,1.2336937
5267,test,0.84,1.3020835
5280,test,1.04,1.9721843
5282,test,2.06,1.3230302
5337,test,0.82,0.8573752
5343,test,1.04,1.2031757
5348,test,1.68,1.9074641
5358,test,1.52,1.4802431
5363,test,0.88,1.2052206
5380,test,1.72,1.6068195
5386,test,1.86,1.7741587
5391,test,2.34,2.488451
5416,test,1.82,1.0714891
5421,test,2.44,1.8999745
5426,test,0.86,0.83018684
5441,test,1.2,1.3426642
5446,test,1.32,1.7261573
5458,test,2.72,1.5914944
5460,test,1.58,1.630584
5465,test,1.08,1.3283514
5466,test,1.2,1.3466265
5474,test,1.28,1.0797241
5483,test,1.24,1.5268018
5496,test,0.5,0.6261009
5514,test,1.48,1.2463247
5527,test,2.26,1.3441944
5537,test,1.48,1.0283326
5547,test,0.78,1.0217086
5548,test,2.1,1.3088018
5549,test,1.16,1.0202672
5564,test,1.28,1.6994994
5568,test,0.58,1.1959293
5572,test,0.98,1.1350287
5589,test,1.14,1.3653958
5597,test,1.26,1.3537949
5620,test,0.7,1.4197757
5654,test,2.7,1.9637657
5659,test,2.56,2.4212492
5671,test,1.9,1.7258246
5683,test,1.34,1.517291
5701,test,1.04,1.3199959
5707,test,1.24,1.516276
5709,test,1.48,1.4979787
5732,test,1.4,2.0091312
5748,test,1.12,1.3399984
5761,test,1.48,1.2651273
5762,test,0.8,0.44170833
5764,test,0.96,1.23261
5770,test,1.54,1.1701856
5786,test,2.34,1.4452299
5787,test,1.48,1.2715198
5800,test,1.98,1.4690515
5803,test,2.86,2.9378462
5814,test,0.34,0.95600796
5815,test,1.66,1.6175176
5833,test,1.46,1.3855938
5841,test,2.36,1.6606295
5847,test,1.66,0.89018047
5849,test,1.64,1.5747573
5858,test,0.98,1.4682171
5862,test,1.62,0.88585466
5863,test,1.42,1.2348994
5885,test,0.96,1.3079057
5888,test,2.08,1.7137413
5894,test,2.4,2.2823918
5915,test,0.64,0.96496946
5921,test,0.74,1.3535792
5927,test,0.32,1.6165003
5928,test,2.2,1.6413559
5937,test,2.02,1.9988635
5942,test,2.32,1.866181
5954,test,1.6,1.270848
5963,test,2.22,1.3364455
5971,test,2.62,3.2168283
5990,test,2.52,1.7218332
6027,test,0.28,0.7468594
6029,test,1.02,1.0728645
6051,test,0.92,1.311503
6053,test,1.04,1.4548701
6062,test,1.96,2.190411
6063,test,1.32,0.67917573
6067,test,1.32,1.6635227
6070,test,1.06,1.3674035
6074,test,1.48,1.453072
6084,test,3.2,1.6772119
6110,test,1.16,2.37737
6118,test,1.18,1.560456
6128,test,1.2,1.3177168
6164,test,1.12,0.96756965
6179,test,0.42,0.61761934
6193,test,0.66,0.30663714
6220,test,1.14,1.3185459
6246,test,1.1,1.1418893
6252,test,0.92,1.4127988
6253,test,1.46,1.276464
6258,test,2.3,1.7087874
6267,test,0.74,1.1833321
6271,test,3.3,2.8934727
6275,test,1.98,2.2696097
6299,test,1.68,2.02876
6315,test,1.04,1.2051673
6329,test,1.86,1.3262341
6345,test,0.6,0.954413
6348,test,1.6,1.9997948
6355,test,1.82,1.6351359
6367,test,4.36,2.2891176
6389,test,1.66,1.7342064
6392,test,1.68,1.7142993
6402,test,1.7,1.7853528
6405,test,2.76,2.2993407
6417,test,2.04,1.2929121
6423,test,1.52,1.1034427
6425,test,0.72,1.3543154
6440,test,1.5,1.344187
6442,test,1.6,1.0990213
6444,test,0.48,0.7972241
6455,test,1.0,1.1802
6462,test,1.1,1.1581181
6472,test,0.62,1.0750784
6492,test,0.86,1.2226138
6504,test,2.64,1.8432765
6508,test,0.78,1.3036431
6512,test,1.72,1.2645994
6515,test,0.9,1.159489
6517,test,0.26,0.6881019
6527,test,2.16,2.8350472
6532,test,1.62,1.3363549
6544,test,2.26,2.106649
6550,test,1.14,1.2562052
6577,test,0.98,0.9997053
6580,test,0.94,1.221825
6584,test,2.84,2.7703605
6590,test,0.22,0.9057722
6600,test,1.62,1.6014073
6601,test,0.86,1.3575112
6602,test,1.38,2.0274584
6608,test,1.74,1.7578968
6632,test,1.16,0.8641675
6641,test,2.24,1.9690654
6647,test,1.48,1.1137573
6660,test,0.54,1.0231957
6685,test,0.96,1.7307678
6705,test,1.88,0.97828764
6717,test,0.88,1.0451568
6723,test,1.74,1.9947096
6733,test,1.46,1.4967468
6734,test,2.22,2.2807612
6735,test,1.5,1.622606
6740,test,0.96,1.3005166
6741,test,1.78,1.7424635
6758,test,1.48,1.5471766
6759,test,0.76,0.8462732
6762,test,1.58,1.5173312
6778,test,2.3,2.6036365
6788,test,2.28,1.2894882
6804,test,1.06,1.2284628
6808,test,1.02,1.492549
6812,test,1.04,0.7936929
6813,test,1.86,1.6672658
6814,test,0.5,1.1084818
6826,test,0.38,1.3732396
6832,test,0.9,0.8384968
6834,test,3.1,3.3012526
6863,test,2.92,2.2651575
6879,test,1.54,2.2248182
6880,test,1.04,1.3829291
6907,test,1.6,1.3592466
6913,test,1.5,1.487329
6918,test,0.7,1.5999768
6925,test,2.38,1.4272511
6926,test,1.44,1.2309275
6934,test,1.1,1.0598869
6955,test,0.92,1.1120043
6956,test,3.1,1.8072865
6958,test,1.74,1.8666753
6975,test,1.38,1.3843037
7020,test,0.34,0.3115638
7021,test,2.2,1.2591785
7046,test,1.32,1.2917249
7047,test,1.12,1.1549071
7053,test,2.12,1.689532
7066,test,1.5,0.7782594
7074,test,0.76,0.5384837
7078,test,2.92,2.804052
7089,test,1.9,1.0902493
7132,test,0.78,1.0809703
7138,test,1.74,1.5699364
7139,test,1.7,2.0636258
7167,test,3.14,2.7510655
7168,test,1.52,0.7134614
7172,test,1.84,1.6150883
7180,test,1.48,1.4293209
7191,test,2.26,1.7349914
7198,test,1.9,1.2689815
7221,test,0.0,1.2622565
7229,test,0.7,0.9529985
7250,test,4.14,2.8351345
7270,test,1.68,1.153998
7273,test,3.26,3.1752343
7276,test,0.4,0.7653605
7285,test,0.84,1.2496108
7289,test,2.6,2.0201435
7298,test,1.12,2.4321423
7300,test,1.46,0.8943034
7302,test,1.98,1.9455706
7306,test,1.42,1.6156304
7315,test,2.92,1.8549688
7319,test,0.76,1.1026686
7333,test,0.72,0.96666265
7335,test,1.4,0.93697906
7337,test,0.72,1.0465373
7341,test,3.84,3.4260361
7346,test,2.84,2.4253662
7348,test,0.72,0.793296
7353,test,1.6,1.1243362
7369,test,1.1,1.3216982
7375,test,1.96,1.6903245
7380,test,1.52,1.2277167
7405,test,1.6,1.7223382
7414,test,1.9,1.4646803
7417,test,0.74,1.1236513
7428,test,2.54,1.3771362
7477,test,1.98,1.6869313
7499,test,1.66,1.5305362
7506,test,0.52,0.5783856
7540,test,1.58,1.0799404
7541,test,1.58,1.3827194
7550,test,1.48,1.6313928
7554,test,2.66,2.1618295
7555,test,1.34,1.5470836
7562,test,2.96,2.965628
7567,test,1.24,1.7947806
7589,test,1.28,2.3573256
7590,test,0.88,0.8847844
7592,test,1.78,1.7977983
7596,test,1.62,1.3780752
7599,test,1.7,0.8722237
7623,test,2.8,2.7951672
7626,test,1.7,1.5973505
7639,test,0.64,0.75944567
7656,test,0.86,1.6692767
7672,test,2.08,1.1470463
7726,test,2.66,1.825372
7729,test,1.48,3.1176605
7735,test,2.54,2.408769
7747,test,1.2,1.1980761
7753,test,2.08,1.7375811
7765,test,2.08,2.0166967
7779,test,1.7,1.2276268
7781,test,1.9,1.5698689
7782,test,0.56,0.4148319
7791,test,1.58,1.7836901
7794,test,1.76,1.3570943
7802,test,1.12,1.3088048
7803,test,1.1,1.2610333
7814,test,1.52,1.8894428
7820,test,1.06,1.3027649
7822,test,1.14,1.3018537
7827,test,1.52,1.7637936
7831,test,3.3,2.5700572
7836,test,1.18,1.434277
7840,test,0.9,1.2271196
7882,test,0.28,0.44109032
7884,test,0.84,1.2064255
7885,test,1.42,1.4597023
7886,test,1.5,1.8328998
7889,test,1.08,1.0862676
7894,test,2.84,2.6419935
7897,test,1.84,1.9156694
7898,test,1.04,2.0226471
7922,test,0.56,0.9359718
7930,test,0.5,1.0586716
7934,test,0.82,1.0244231
7944,test,0.84,0.7076249
7945,test,2.86,1.3629515
7946,test,2.12,2.2184525
7948,test,2.4,2.1733053
7976,test,1.06,1.6189958
7998,test,2.12,1.6814694
8013,test,2.7,2.65851
8018,test,0.58,0.83271754
8020,test,2.82,3.0412
8028,test,1.32,1.4772458
8031,test,1.6,0.70273846
8056,test,1.22,1.1420863
8057,test,2.9,2.721135
8076,test,2.26,1.5477839
8087,test,1.04,1.2481232
8103,test,1.1,1.5590699
8108,test,1.56,1.8651751
8124,test,1.28,1.0056416
8126,test,1.88,1.6299039
8137,test,2.92,1.7051699
8165,test,2.16,1.209758
8188,test,0.76,0.7620142
8192,test,1.46,1.4876338
8197,test,1.48,1.357411
8206,test,1.6,1.1852599
8225,test,3.7,2.5542445
8227,test,1.88,1.3520135
8231,test,2.1,1.3680825
8233,test,2.2,1.6349373
8239,test,0.82,1.1893415
8250,test,2.52,1.6402966
8253,test,3.7,2.5564175
8254,test,0.96,1.1192735
8268,test,1.02,1.2394029
8285,test,1.38,1.3733795
8287,test,0.86,0.9722312
8292,test,0.42,0.7689466
8295,test,0.74,1.0905699
8309,test,4.5,2.4351332
8317,test,2.6,1.7239016
8344,test,1.58,1.3770487
8351,test,1.08,1.3855772
8364,test,1.86,1.3762432
8369,test,1.36,1.5129101
8374,test,1.56,1.5669965
8375,test,0.12,1.0079957
8395,test,2.46,1.1376425
8396,test,1.22,1.5792848
8404,test,0.8,0.9718729
8416,test,2.7,2.0244288
8441,test,1.84,1.849795
8443,test,0.9,1.057087
8453,test,0.84,0.91906905
8466,test,0.98,0.985341
8481,test,1.58,1.5568707
8482,test,2.16,1.2364235
8484,test,0.74,1.2905241
8485,test,1.58,1.7883403
8494,test,2.0,1.7024187
8507,test,1.88,1.7827765
8510,test,0.96,1.4362618
8523,test,0.72,1.0638322
8527,test,1.82,1.3448489
8530,test,1.08,1.6278144
8541,test,1.24,1.6275369
8545,test,2.38,1.7573214
8546,test,0.7,1.0023334
8562,test,1.64,1.5180001
8583,test,2.66,2.2215009
8590,test,0.78,1.0029972
8599,test,0.94,1.068503
8603,test,1.18,1.51555
8608,test,1.16,1.5110312
8618,test,1.98,2.4819217
8620,test,1.84,1.9814471
8626,test,1.02,1.4315186
8649,test,1.76,1.7483066
8658,test,3.0,1.8374565
8668,test,1.18,0.86824346
8678,test,1.92,1.1562365
8692,test,1.5,1.3008097
8696,test,2.16,1.2901503
8704,test,2.34,1.5898535
8710,test,1.3,1.3818839
8723,test,0.9,0.8141818
8725,test,1.56,1.480415
8729,test,1.82,1.4664135
8735,test,0.96,0.9916715
8748,test,0.74,0.92504823
8805,test,0.5,0.4633822
8815,test,0.7,0.52829456
8818,test,0.5,1.3850517
8821,test,0.46,0.54196614
8825,test,1.48,1.8181621
8833,test,0.36,0.77513397
8842,test,1.24,1.1705297
8845,test,1.1,1.4052496
8852,test,1.24,1.2342495
8854,test,0.96,1.1035959
8871,test,2.02,1.8879236
8896,test,1.68,1.6432444
8904,test,2.14,2.224498
8922,test,1.76,1.9641252
8930,test,1.82,2.3612697
8948,test,1.26,0.83453655
8952,test,1.4,1.3470571
8980,test,1.64,1.8799981
8983,test,3.18,2.383914
8993,test,1.5,1.5263374
9006,test,1.12,1.3296694
9054,test,1.34,1.4435841
9056,test,2.34,1.6314574
9058,test,0.5,1.1298965
9071,test,1.1,1.0876654
9086,test,0.5,0.3137959
9109,test,1.72,1.7256534
9140,test,2.0,1.3523611
9149,test,1.4,2.5093856
9150,test,1.62,1.3798072
9153,test,0.6,0.9917771
9156,test,0.48,0.5650438
9187,test,2.08,2.0309255
9192,test,0.6,0.86544013
9193,test,0.68,0.66773087
9210,test,1.44,1.6144471
9228,test,1.66,1.753961
9234,test,2.26,0.9964778
9249,test,1.76,1.6171805
9250,test,2.98,2.5940652
9251,test,2.18,1.2175426
9262,test,0.44,1.0693614
9282,test,1.34,1.4392664
9286,test,0.6,0.88398874
9303,test,1.68,1.690494
9313,test,0.18,1.0397414
9328,test,1.4,1.6325647
9331,test,0.48,0.9116322
9334,test,1.9,2.129659
9340,test,2.3,1.9563944
9345,test,0.98,1.1498679
9358,test,0.6,1.0189465
9386,test,1.46,1.9151165
9391,test,1.5,1.8353086
9394,test,1.0,1.2797512
9397,test,4.24,2.3584921
9403,test,2.84,2.7627478
9418,test,1.4,1.2262475
9441,test,1.02,1.2865797
9463,test,0.64,1.3013432
9483,test,2.18,2.1748016
9500,test,1.26,1.9814303
9502,test,0.4,0.8403406
9509,test,1.4,1.711765
9511,test,1.52,1.6009728
9512,test,0.84,1.0522172
9515,test,1.2,1.2081064
9525,test,1.92,1.5368719
9537,test,0.64,1.1720177
9545,test,1.34,1.1243511
9561,test,1.7,1.813487
9585,test,0.9,1.1166961
9594,test,1.2,1.4728225
9598,test,1.74,1.6574439
9610,test,0.46,1.2159157
9618,test,0.36,1.0083474
9619,test,0.78,0.6908981
9620,test,1.16,1.3919362
9632,test,1.2,1.2471653
9659,test,1.76,1.7564633
9660,test,1.06,1.4345196
9676,test,0.44,2.2148802
9701,test,2.26,1.8041741
9710,test,1.42,1.3933436
9723,test,3.32,1.50231
9740,test,1.44,1.4696652
9742,test,1.38,1.6833869
9771,test,0.7,1.3472915
9801,test,3.28,2.8071308
9804,test,0.98,1.5977454
9826,test,1.8,1.6492709
9827,test,1.06,0.9723165
9834,test,2.42,1.6102155
9840,test,0.66,0.98091674
9842,test,1.1,1.2580189
9849,test,1.8,1.4999048
9853,test,1.28,1.4702035
9857,test,2.8,1.5342197
9861,test,1.6,1.6770849
9871,test,1.26,1.408713
9904,test,2.12,0.702266
9920,test,1.32,1.3597094
9923,test,0.92,1.177427
9924,test,1.4,2.1373188
9936,test,2.74,2.133408
9962,test,1.76,1.7355155
9967,test,1.0,0.92736626
9970,test,1.46,1.0862652
9977,test,0.8,1.4443283
9987,test,1.28,1.5703361
9995,test,0.86,1.2577058
9998,test,1.28,1.1571773
10002,test,3.5,3.6203628
10007,test,1.8,1.8369673
10008,test,1.56,1.2499605
10011,test,0.44,0.6786058
10029,test,2.04,0.7293526
10032,test,2.0,2.3594546
10044,test,1.38,1.5010035
10052,test,0.86,1.1464748
10074,test,2.12,1.8961623
10080,test,1.46,1.212452
10083,test,3.1,2.7782295
10091,test,0.74,1.2262595
10113,test,2.38,1.3365581
10120,test,1.46,1.6246918
10140,test,1.42,0.82243943
10144,test,1.14,1.6411921
10146,test,1.16,1.1968569
10159,test,1.82,1.0781044
10175,test,3.54,2.1461492
10199,test,0.52,0.98158216
10219,test,1.32,1.9010702
10231,test,3.44,2.4319818
10239,test,1.5,1.5800866
10242,test,3.2,2.200186
10299,test,1.12,1.6956195
10306,test,0.98,1.2870283
10312,test,3.54,3.0012095
10323,test,1.4,1.3836676
10325,test,1.56,1.607128
10331,test,1.3,1.0094451
10334,test,1.5,0.8605899
10356,test,2.7,2.7878013
10370,test,2.3,2.0577695
10373,test,1.38,1.2451023
10385,test,1.28,1.3981974
10430,test,1.2,1.1860216
10431,test,1.72,1.2265838
10435,test,1.6,1.5883449
10437,test,1.4,3.1109507
10440,test,3.14,2.8929331
10443,test,1.84,1.9688808
10448,test,2.14,1.5828077
10466,test,3.28,2.0676434
10481,test,0.42,1.0207001
10493,test,2.16,2.464609
10496,test,4.56,2.4563277
10501,test,0.34,1.0457277
10505,test,2.26,1.714923
10513,test,2.2,1.6998078
10532,test,1.92,1.5391647
10540,test,2.1,1.9414562
10548,test,1.88,1.6744846
10567,test,1.22,1.2251041
10590,test,1.06,0.9115832
10605,test,2.26,1.7187794
10607,test,1.08,0.6778835
10615,test,1.14,1.4038517
10630,test,2.96,3.1702616
10638,test,1.42,1.1119637
10718,test,1.52,1.7440813
10722,test,0.98,1.1468853
10726,test,1.32,1.1911896
10731,test,2.24,1.3765302
10734,test,1.02,1.0485399
10735,test,1.02,1.0170339
10739,test,1.48,1.5804188
10761,test,2.82,2.9757812
10774,test,-0.1,0.40976813
10782,test,0.72,1.0006053
10786,test,0.78,1.1382887
10796,test,1.8,1.1580468
10801,test,1.68,1.9283799
10807,test,0.6,0.48422402
10824,test,0.78,1.249089
10830,test,1.52,1.7604291
10836,test,4.06,3.3621557
10865,test,0.74,1.5014842
10871,test,0.4,1.4217124
10876,test,2.02,1.6020142
10884,test,1.64,2.1930315
10887,test,1.44,1.2353829
10892,test,1.02,0.9897281
10898,test,0.74,1.2581048
10901,test,0.04,1.8181264
10931,test,1.14,1.2924477
10933,test,1.76,1.0146095
10935,test,1.4,1.945509
10944,test,1.32,0.9824557
10977,test,1.2,1.1068857
10995,test,0.28,0.7134237
11018,test,1.08,1.1810777
11019,test,1.04,0.92343223
11037,test,1.54,1.3876436
11039,test,0.82,0.98126245
11044,test,1.02,2.101
11050,test,2.18,2.0145311
11066,test,1.72,1.5162137
11072,test,1.06,1.4281923
11074,test,1.24,2.0690734
11078,test,1.48,1.0703249
11090,test,1.78,1.7519369
11091,test,0.88,1.1003158
11097,test,3.94,3.1365001
11098,test,4.62,2.6035106
11127,test,1.02,1.4031839
11148,test,1.36,1.4049301
11155,test,0.88,1.1031346
11160,test,2.5,1.9656166
11162,test,1.12,1.2922901
11178,test,0.86,1.1581198
11187,test,1.44,1.2659343
11195,test,2.64,1.797237
11206,test,1.8,1.3515196
11225,test,2.14,1.3927715
11250,test,2.46,2.2560294
11267,test,0.78,1.0912938
11270,test,0.86,1.5301479
11275,test,0.8,0.8574114
11282,test,1.3,0.11531179
11287,test,1.8,1.060702
11292,test,0.8,0.9858061
11293,test,1.24,1.4609153
11311,test,1.88,1.3955643
11313,test,1.14,1.3963342
11315,test,3.48,3.2267294
11316,test,1.2,1.1941324
11335,test,0.92,1.3493736
11369,test,0.56,0.90820885
11379,test,1.4,1.0529262
11387,test,0.66,0.9941979
11391,test,2.42,2.1678119
11398,test,0.98,0.6916811
11399,test,1.72,1.4967265
11423,test,1.86,1.5933019
11427,test,2.4,2.1414506
11429,test,2.86,2.503258
11432,test,0.88,1.1784431
11453,test,2.36,2.1783724
11457,test,1.82,1.3509744
11465,test,1.16,1.9987278
11504,test,1.74,1.2519974
11511,test,1.0,0.9737656
11518,test,1.34,1.5031334
11529,test,2.7,2.653972
11545,test,2.38,2.5316765
11567,test,1.18,1.5490508
11615,test,1.72,1.6104456
11631,test,0.84,1.126613
11633,test,1.82,1.7939396
11658,test,0.82,1.2707582
11668,test,3.92,3.2888994
11675,test,0.38,1.1657743
11682,test,1.28,0.73586637
11696,test,2.64,1.483597
11698,test,1.56,0.85680926
11702,test,1.28,1.8382437
11712,test,1.46,1.5182388
11717,test,4.46,3.4627607
11753,test,1.04,1.2560866
11770,test,0.74,0.95782954
11776,test,1.1,1.6597558
11778,test,2.14,1.8481222
11797,test,0.76,1.1720316
11799,test,1.12,1.3098776
11804,test,1.12,0.7474332
11807,test,0.84,1.1209838
11811,test,0.72,0.443923
11816,test,2.24,1.287096
11817,test,1.8,1.2961878
11825,test,1.26,1.4195825
11830,test,2.5,2.013629
11838,test,2.26,1.9323674
11866,test,0.7,1.1700898
11868,test,1.56,1.0840952
11872,test,3.2,3.1349375
11877,test,3.02,2.057769
11885,test,0.94,0.8769083
11890,test,1.32,1.0510509
11896,test,2.22,1.509772
11914,test,1.14,1.2008703
11915,test,2.5,2.4173305
11921,test,1.22,1.333276
11928,test,2.3,2.4951859
11930,test,1.72,1.4218903
11935,test,1.0,1.4507726
11937,test,2.28,2.031551
11940,test,2.22,1.4779251
11977,test,0.74,1.0337453
11981,test,1.32,0.79537386
11983,test,0.94,1.0342083
12000,test,1.78,1.4947263
12004,test,0.92,0.90437865
12011,test,1.4,1.3130627
12019,test,0.88,1.3463639
12022,test,0.28,1.1415799
12034,test,0.66,0.85007983
12038,test,0.18,1.0821649
12073,test,0.94,1.0556164
12079,test,1.36,2.5434933
12084,test,1.12,0.8309549
12104,test,0.04,1.1635188
12120,test,0.84,0.77043086
12138,test,2.3,3.0317605
12139,test,0.68,1.2211614
12143,test,2.04,1.8895417
12159,test,1.2,1.0912406
12162,test,1.88,1.461037
12176,test,2.1,1.9240676
12179,test,0.54,0.9132997
12181,test,2.82,2.4502895
12194,test,1.88,1.574239
12195,test,0.44,0.8060224
12243,test,1.12,0.9185829
12252,test,1.48,0.83368295
12264,test,1.86,1.6071475
12270,test,0.34,0.5995007
12273,test,0.52,0.78567654
12276,test,1.18,1.2008343
12277,test,1.34,1.3474748
12285,test,0.92,0.9149838
12301,test,1.98,1.561408
12303,test,1.36,1.1132269
12307,test,2.34,1.3677213
12313,test,0.56,1.0421251
12314,test,0.5,1.3983674
12319,test,1.0,1.09969
12320,test,0.78,0.6551878
12349,test,1.72,1.4467193
12365,test,1.68,1.2406975
12366,test,1.48,1.5746856
12374,test,1.9,1.622948
12379,test,1.48,1.480232
12406,test,1.66,1.3685007
12412,test,1.72,1.9030495
12416,test,0.96,1.2871317
12437,test,0.94,1.5432999
12439,test,1.04,1.3092495
12456,test,1.1,0.70626473
12461,test,0.9,1.333093
12475,test,0.88,1.568906
12484,test,0.86,1.0007709
12487,test,1.38,1.5098965
12490,test,1.26,1.4339597
12492,test,1.94,1.3950357
12510,test,1.3,0.63432354
12511,test,1.42,1.0436124
12523,test,1.66,1.6068304
12534,test,1.88,1.8455077
12536,test,2.18,1.4236339
12537,test,2.84,1.9109155
12546,test,2.38,1.5069427
12555,test,1.76,1.2478627
12560,test,1.34,1.4203975
12562,test,1.8,1.506215
12570,test,0.86,1.1019385
12574,test,0.92,0.93304974
12577,test,1.26,1.1967019
12584,test,1.46,0.81666946
12593,test,2.1,1.7311668
12596,test,1.12,0.94378597
12614,test,1.28,1.8168617
12616,test,1.46,1.0999656
12618,test,1.58,2.3670347
12634,test,2.56,1.6673744
12635,test,1.54,2.0682237
12636,test,3.58,3.2292268
12655,test,1.52,2.2139685
12656,test,1.0,0.94314027
12687,test,0.86,0.76991785
12727,test,1.08,1.2903451
12730,test,0.98,1.3817173
12767,test,2.98,1.7426953
12785,test,1.12,1.3305216
12787,test,0.78,1.0704724
12792,test,1.78,1.7942915
12797,test,1.08,1.1992091
12802,test,3.52,2.859329
12804,test,1.62,1.2528981
12811,test,1.36,0.72159606
12814,test,1.22,1.1834902
12822,test,3.4,3.40372
12881,test,1.66,1.1172358
12885,test,0.8,1.4544995
12896,test,0.7,1.0033902
12897,test,1.88,1.0196898
12899,test,1.4,1.3053648
12900,test,1.6,2.011235
12920,test,0.6,1.5436718
12928,test,1.02,1.514941
12932,test,1.36,1.6928695
12947,test,1.44,0.4180787
12970,test,1.68,2.9067073
13003,test,2.28,1.0998224
13004,test,1.24,1.3865986
13010,test,1.34,1.1465032
13015,test,1.38,1.6048633
13022,test,0.9,0.7534558
13029,test,1.22,0.64196396
13044,test,1.74,1.3521346
13068,test,2.98,2.878189
13082,test,0.94,1.1730349
13096,test,1.68,1.5488212
13098,test,2.04,1.5398594
13100,test,2.0,2.0281274
13173,test,1.22,1.1564308
13174,test,1.16,1.9158343
13195,test,1.16,0.80855376
13201,test,1.18,0.8852047
13204,test,3.2,2.9753716
13205,test,1.46,1.4190545
13212,test,1.76,1.901012
13241,test,1.54,1.7174581
13253,test,1.1,0.93568325
13275,test,0.96,1.321985
13310,test,0.9,0.90027755
13313,test,0.94,0.9130051
13316,test,0.58,1.054402
13325,test,0.7,1.1238843
13328,test,1.0,1.0829759
13332,test,1.5,0.9875969
13335,test,0.88,0.76298416
13337,test,0.1,0.8515793
13338,test,2.92,2.1098673
13346,test,1.8,1.2050266
13361,test,2.74,2.671987
13362,test,1.7,2.5824184
13369,test,0.56,1.0357026
13376,test,1.22,1.5272427
13396,test,0.06,0.9642475
13397,test,2.46,1.8483824
13398,test,1.42,1.4519988
13406,test,1.66,1.442119
13416,test,2.64,2.005293
13418,test,0.56,1.2528446
13431,test,1.74,1.1334742
13436,test,1.36,1.0235329
13447,test,0.42,1.0980246
13454,test,1.72,2.8051345
13473,test,1.48,0.96067864
13483,test,0.4,0.9094484
13491,test,1.82,1.471184
13508,test,3.56,3.4537241
13522,test,3.42,3.06431
13524,test,0.5,0.9095696
13529,test,3.58,2.098581
13556,test,1.64,1.7613641
13566,test,1.74,1.3652073
13582,test,1.58,1.8921118
13590,test,2.96,2.4721563
13604,test,2.36,1.7548677
13613,test,1.56,1.6400468
13619,test,2.12,2.2023149
13626,test,1.46,1.8262942
13637,test,2.24,1.6310543
13639,test,2.56,2.7510111
13641,test,1.24,1.9068164
13646,test,1.22,1.2446425
13648,test,1.32,1.097078
13649,test,0.94,1.1183443
13651,test,0.3,1.11018
13658,test,0.98,1.4519925
13666,test,0.88,1.1114465
13668,test,1.1,1.414983
13672,test,1.5,1.594278
13683,test,0.18,0.66347164
13684,test,1.36,1.9479114
13685,test,0.1,0.63718015
13696,test,2.12,0.9857357
13706,test,1.12,0.69775933
13710,test,1.34,1.0219511
13736,test,1.12,1.5688429
13755,test,0.8,1.05596
13799,test,1.28,1.794035
13814,test,0.36,0.2934932
13824,test,2.8,1.0313846
13829,test,1.52,1.021328
13835,test,0.5,1.5089954
13837,test,1.68,1.5328615
13848,test,1.78,1.1507357
13852,test,2.28,2.1349146
13853,test,1.72,1.3808355
13861,test,1.42,0.7894941
13876,test,1.86,2.6864378
13880,test,1.0,0.87389547
13892,test,1.16,1.0116056
13903,test,1.56,1.2713082
13920,test,1.56,1.560906
13934,test,1.4,1.23086
13940,test,1.94,1.6734002
13953,test,1.72,1.8341019
13954,test,1.46,0.7085837
13958,test,0.96,1.3655622
13967,test,0.84,0.89151186
13987,test,1.02,1.1524856
14004,test,2.0,1.9640605
14006,test,1.44,1.209032
14013,test,0.5,1.266354
14018,test,1.14,1.4071356
14032,test,1.0,1.3996917
14038,test,1.1,0.8336233
14044,test,2.08,1.9479637
14045,test,1.22,1.1165307
14064,test,0.84,0.94851255
14067,test,1.44,1.4199996
14076,test,1.2,1.2351958
14090,test,0.98,1.3687527
14128,test,2.0,1.3451211
14132,test,0.7,0.9623034
14142,test,2.04,1.2425575
14147,test,1.46,1.100956
14159,test,1.72,1.8459233
14173,test,3.7,2.832581
14190,test,2.62,1.6658125
14198,test,1.86,1.6876453
14209,test,1.44,0.5302732
14213,test,1.08,2.3516543
14248,test,1.02,0.8381342
14266,test,1.26,1.1815985
14272,test,1.88,1.8622525
14273,test,1.94,0.9955217
14279,test,0.96,1.0134943
14316,test,0.76,1.6402597
14322,test,3.06,2.6997163
14327,test,1.28,1.4008592
14333,test,1.82,1.6703943
14335,test,0.52,1.0295626
14336,test,1.66,1.6821405
14344,test,1.76,1.1889095
14353,test,1.04,1.3319923
14368,test,1.94,1.5162672
14374,test,1.66,0.9202641
14375,test,0.94,1.4210895
14381,test,1.58,1.1896003
14383,test,1.42,0.578081
14384,test,2.18,1.901529
14395,test,0.9,1.19839
14399,test,1.46,1.1773882
14400,test,2.54,1.930768
14417,test,1.32,1.2327718
14429,test,1.02,1.1552935
14441,test,1.56,1.341706
14448,test,0.68,0.99909216
14450,test,1.38,1.45876
14455,test,1.94,1.5167866
14461,test,0.74,2.234814
14465,test,1.12,2.2158985
14492,test,1.04,1.0440315
14493,test,2.14,1.3191873
14503,test,2.4,1.709117
14511,test,0.4,1.0640332
14520,test,0.28,0.5718811
14525,test,1.02,1.112462
14526,test,3.26,3.3804686
14539,test,1.7,0.87104696
14554,test,1.0,0.9047771
14569,test,2.72,1.6261951
14586,test,2.36,1.8819348
14602,test,1.78,2.4332135
14606,test,2.06,1.6644258
14613,test,2.18,1.32495
14617,test,0.86,1.0798013
14633,test,1.46,1.6589577
14651,test,1.18,1.4104055
14658,test,2.82,2.67922
14676,test,1.66,1.4616138
14682,test,0.68,0.8284102
14685,test,1.3,1.3886967
14689,test,2.14,1.8851006
14691,test,0.5,1.3157629
14699,test,2.04,1.5542384
14702,test,1.36,1.6008989
14714,test,1.2,1.005682
14718,test,2.18,2.852366
14726,test,0.52,1.2037476
14731,test,2.0,1.4972546
14735,test,0.92,1.0831422
14736,test,2.46,2.2543852
14739,test,1.14,1.7719343
14741,test,2.5,1.1554517
14752,test,1.14,1.3525358
14759,test,0.76,0.33416992
14761,test,0.84,1.2800522
14763,test,1.04,1.124146
14771,test,1.5,1.3599528
14782,test,1.14,0.91169876
14783,test,1.76,1.4438137
14787,test,1.48,1.5098628
14807,test,2.32,1.6337429
14809,test,0.28,0.6967882
14814,test,1.08,1.2602135
14822,test,1.3,0.9675806
14825,test,1.24,1.5962101
14838,test,1.16,1.2618335
14840,test,0.94,1.2352122
14847,test,0.7,0.99903494
14850,test,0.54,0.6177024
14853,test,1.22,1.5515924
14854,test,2.8,2.7553563
14861,test,2.28,1.9984337
14866,test,2.12,1.4857403
14902,test,1.68,2.3452258
14903,test,1.5,1.8813772
14905,test,1.38,1.5767101
14913,test,3.74,2.7844098
14917,test,0.7,0.9479365
14923,test,1.64,1.9178482
14938,test,1.88,1.6595961
14946,test,1.12,1.5790188
14953,test,0.84,1.4479986
14955,test,0.84,1.2427238
14983,test,0.88,1.4675585
14994,test,1.22,1.138823
14995,test,2.88,3.360321
15010,test,1.14,1.2598069
15015,test,1.28,1.4486495
15016,test,2.06,1.2832619
15045,test,0.44,0.3810895
15054,test,1.04,1.1017904
15067,test,0.54,0.9801978
15103,test,1.18,1.2008064
15108,test,1.06,1.124495
15116,test,1.42,1.3922687
15120,test,1.1,1.0880734
15121,test,2.72,2.2076395
15123,test,1.98,1.5701525
15126,test,1.18,1.3505509
15139,test,1.44,1.2007135
15150,test,1.2,1.0875664
15161,test,3.34,2.3489785
15186,test,0.6,0.73789376
15196,test,2.18,1.5056516
15204,test,1.3,1.2204432
15211,test,1.12,1.4668365
15214,test,0.72,1.1911192
15218,test,3.58,3.273834
15219,test,1.64,1.0986035
15231,test,0.66,0.88893634
15262,test,3.04,1.9716125
15288,test,1.28,1.2068386
15290,test,0.92,1.1046467
15293,test,0.68,1.5161879
15296,test,2.92,3.1114805
15298,test,0.94,0.9990465
15300,test,1.6,1.598635
15310,test,1.46,1.3895265
15361,test,0.1,0.51695603
15362,test,1.1,0.88444203
15377,test,2.04,1.9471564
15389,test,2.76,3.5725963
15405,test,1.48,1.4063591
15423,test,1.96,1.873709
15448,test,1.6,2.1012604
15450,test,1.82,1.8831251
15455,test,2.88,2.8760066
15461,test,1.38,1.4098911
15474,test,1.98,1.6560954
15479,test,1.18,1.5031966
15489,test,1.4,1.6654563
15491,test,1.04,1.149279
15510,test,1.08,1.360694
15528,test,1.94,1.6443616
15538,test,1.22,1.4760711
15542,test,0.76,0.7259616
15556,test,2.14,3.2330382
15567,test,0.26,0.9505823
15568,test,1.24,1.5302721
15570,test,0.68,1.193131
15590,test,0.84,1.5564326
15617,test,1.1,1.0893333
15619,test,3.22,2.0148845
15626,test,1.62,1.570383
15628,test,0.76,0.99640787
15633,test,1.28,1.747248
15648,test,1.26,2.4492207
15660,test,1.06,2.6134129
15667,test,3.32,2.2049243
15672,test,2.66,3.0662324
15676,test,2.26,1.7662241
15687,test,1.68,1.9705966
15689,test,2.22,0.90369356
15692,test,1.9,1.9917256
15693,test,1.3,1.7484446
15695,test,1.92,1.7410606
15709,test,1.48,1.2224144
15737,test,0.98,1.5981482
15744,test,2.32,1.2365841
15771,test,1.86,1.5740014
15786,test,2.08,1.5179251
15791,test,1.4,0.6755568
15792,test,2.96,2.7504256
15802,test,2.48,2.5341303
15804,test,2.1,1.6036354
15818,test,0.6,1.1270686
15821,test,1.44,1.4730641
15849,test,1.7,1.4466015
15865,test,1.1,1.0726743
15872,test,1.68,1.1868744
15875,test,1.52,1.4056247
15877,test,1.34,1.5622625
15878,test,1.96,1.1628354
15879,test,1.44,1.1973248
15903,test,0.8,0.9622896
15905,test,2.98,2.3507743
15911,test,2.38,2.1754694
15912,test,0.78,1.3824456
15916,test,1.36,1.2584262
15926,test,1.0,1.4755841
15928,test,-0.06,0.31792635
15937,test,0.92,1.1607492
15961,test,1.08,1.5764254
15973,test,1.24,1.0862957
15994,test,1.68,2.0412233
15998,test,0.6,1.0189395
16003,test,0.88,1.1373128
16004,test,2.2,1.354858
16007,test,1.1,1.2836958
16008,test,1.98,1.3702104
16016,test,0.38,0.6172258
16026,test,1.88,2.3510988
16047,test,1.74,1.478103
16055,test,0.62,1.1247671
16057,test,1.3,1.4023466
16060,test,1.8,1.5910852
16061,test,0.76,1.0242519
16067,test,1.7,1.4135442
16075,test,1.32,1.0655311
16078,test,1.6,1.4587325
16095,test,0.6,1.0367632
16101,test,1.34,1.2881424
16110,test,1.16,1.8704555
16128,test,1.16,1.6399801
16139,test,1.24,1.466787
16153,test,1.18,1.5343068
16167,test,1.2,1.1804208
16171,test,0.9,1.0342551
16172,test,1.46,1.0184728
16176,test,0.74,0.5548186
16180,test,2.3,2.0011435
16194,test,2.54,2.1592517
16208,test,1.08,1.5571686
16222,test,1.88,1.8270667
16228,test,0.34,1.1623102
16229,test,3.7,3.4434638
16234,test,0.64,0.62323457
16240,test,1.78,1.201242
16242,test,1.34,1.5284959
16245,test,1.62,1.2043227
16251,test,0.82,0.6179284
16253,test,2.14,2.2848952
16262,test,1.44,1.8705931
16268,test,0.32,0.82158
16269,test,0.54,1.2780151
16277,test,1.98,1.7990135
16279,test,1.2,1.6673241
16289,test,2.08,2.6808772
16296,test,3.36,1.8668658
16301,test,1.08,1.2852583
16325,test,2.54,2.3978848
16331,test,1.92,1.6891856
16337,test,2.32,3.0797722
16340,test,1.8,1.3825133
16343,test,0.9,1.079809
16344,test,1.1,1.2048948
16361,test,2.7,2.621642
16382,test,0.58,0.37950245
16399,test,2.2,2.2857997
16418,test,2.78,2.6321807
16426,test,2.04,1.3309352
16427,test,0.96,0.9480726
16439,test,1.76,1.6001779
16441,test,0.94,1.3094959
16459,test,1.36,1.3585447
16467,test,1.82,2.0302343
16468,test,0.98,1.0124962
16510,test,3.7,2.6508272
16541,test,1.94,1.6255267
16545,test,0.7,1.2650428
16559,test,1.4,1.397867
16566,test,1.94,2.2061374
16573,test,0.98,1.0214636
16574,test,1.48,2.0486422
16581,test,1.6,1.4454488
16584,test,0.72,0.72177595
16588,test,0.8,0.8120729
16591,test,1.38,0.8410589
16598,test,2.18,1.4339212
16605,test,1.22,1.7606493
16611,test,4.2,3.6235237
16614,test,1.62,1.0055788
16628,test,1.34,1.3262906
16637,test,1.48,1.5185926
16638,test,0.82,1.0780113
16640,test,3.98,2.7414787
16641,test,2.14,1.5701483
16643,test,1.14,1.8566897
16656,test,1.18,1.2442107
16660,test,1.74,1.8847269
16668,test,0.8,0.60330087
16671,test,2.68,2.0978782
16679,test,0.82,1.2866557
16680,test,2.36,1.6501596
16684,test,1.32,1.4042945
16727,test,0.68,0.8951969
16733,test,1.78,1.5907317
16738,test,0.92,0.98947537
16742,test,2.62,2.2671065
16743,test,0.84,1.1354749
16746,test,2.02,1.6933438
16758,test,1.34,1.400924
16761,test,2.02,1.4707323
16785,test,0.82,0.8627652
16792,test,1.18,0.7553879
16796,test,2.04,1.6769565
16799,test,0.6,0.8343452
16808,test,1.58,1.4283036
16816,test,1.4,0.9195639
16820,test,0.4,1.1424236
16823,test,1.94,1.6499044
16854,test,3.6,2.7071161
16861,test,2.18,0.9950438
16869,test,0.84,0.9795482
16870,test,2.44,1.5283871
16883,test,1.0,1.1546388
16916,test,0.92,0.73024917
16919,test,1.0,0.83164483
16927,test,0.7,1.1498111
16929,test,1.3,0.87790895
16949,test,1.58,1.550531
16968,test,1.24,1.7079942
16970,test,1.56,0.95975417
16971,test,1.66,1.7520297
16972,test,1.36,1.12715
16989,test,3.24,3.0048716
17011,test,2.0,1.5060263
17028,test,1.0,1.1380191
17034,test,0.86,2.5985272
17042,test,2.54,2.0480542
17060,test,1.52,1.092487
17062,test,1.88,1.8025306
17104,test,1.46,1.7014275
17113,test,2.3,1.965378
17121,test,0.78,0.40774116
17122,test,1.74,1.7734033
17132,test,-0.04,0.31170455
17149,test,2.28,1.6664302
17165,test,1.8,1.8565807
17169,test,1.2,1.3840421
17170,test,1.38,2.5706658
17171,test,1.9,2.149181
17186,test,2.74,1.9276153
17191,test,0.92,1.1020561
17194,test,1.22,1.997051
17195,test,2.9,1.7739912
17201,test,1.82,1.6492383
17210,test,2.22,1.6375871
17219,test,0.26,0.29108915
17244,test,1.4,1.3516514
17268,test,1.16,1.2386594
17292,test,1.0,1.4943805
17344,test,0.96,1.5439603
17349,test,1.28,0.9983042
17362,test,0.6,1.3405591
17363,test,1.74,1.4037836
17379,test,1.42,1.8467851
17380,test,1.78,1.856257
17385,test,1.48,1.4381673
17390,test,0.52,1.371078
17414,test,1.04,1.2081566
17419,test,1.8,1.567504
17431,test,1.02,0.8459586
17451,test,1.44,1.570328
17452,test,0.68,1.1851426
17457,test,2.08,1.50519
17463,test,1.74,1.4120816
17467,test,1.06,1.3440588
17481,test,0.96,0.9220499
17484,test,1.04,1.0762166
17488,test,1.6,1.6716454
17490,test,1.2,0.96719384
17493,test,1.46,1.1577797
17497,test,2.46,1.4766275
17511,test,1.2,1.3089653
17535,test,1.98,1.9980392
17536,test,1.6,2.00253
17542,test,2.02,1.3658042
17544,test,1.08,1.6916773
17554,test,1.8,1.6494957
17560,test,2.34,1.9000878
17592,test,1.44,1.3638552
17596,test,1.48,1.6598892
17597,test,1.0,1.0405425
17598,test,1.24,1.3916996
17603,test,0.94,1.2935656
17608,test,1.34,1.5350013
17619,test,1.62,0.6867396
17621,test,0.88,0.93845093
17623,test,1.08,1.3177657
17628,test,0.36,0.98331416
17637,test,1.74,1.7434886
17642,test,0.98,1.4633441
17647,test,0.18,1.2556747
17658,test,0.5,0.53646034
17678,test,0.8,0.7485249
17703,test,1.96,1.2892257
17707,test,0.88,1.7632663
17729,test,1.5,1.1701379
17731,test,0.7,1.4977695
17738,test,1.22,1.1745329
17761,test,1.3,1.2986354
17788,test,2.54,1.5797039
17789,test,1.12,1.0644995
17825,test,1.32,1.6289498
17827,test,1.44,1.3421607
17847,test,0.68,1.0358868
17851,test,0.98,0.84651875
17864,test,0.84,0.56387
17871,test,1.3,1.4766246
17885,test,0.44,1.0395344
17892,test,1.36,1.7851034
17898,test,1.18,1.3157215
17925,test,2.02,1.601317
17926,test,2.16,1.2279131
17927,test,1.02,1.517163
17932,test,1.32,1.7739586
17939,test,1.8,1.3430667
17950,test,3.92,3.3303928
17970,test,1.66,1.8940159
17974,test,1.18,1.8710114
17989,test,1.32,1.7410667
18004,test,1.1,1.2522218
18022,test,1.36,1.8697747
18024,test,2.88,2.1033142
18043,test,1.56,1.2559124
18080,test,1.3,0.77329475
18113,test,1.58,1.5655674
18114,test,0.58,0.7124447
18123,test,0.96,1.0392661
18127,test,0.72,0.6739142
18128,test,1.48,1.8809859
18130,test,1.2,1.2970784
18145,test,1.62,1.5329025
18149,test,0.72,0.5968078
18171,test,2.16,2.3959203
18191,test,0.76,0.90984124
18208,test,1.66,1.6931865
18217,test,1.4,1.4357562
18226,test,0.76,0.9310206
18229,test,1.1,0.71432495
18230,test,0.58,1.3371013
18234,test,0.68,0.89182824
18251,test,0.42,0.38151395
18253,test,1.7,1.3667616
18255,test,1.58,1.5854869
18275,test,0.32,0.7769705
18280,test,0.68,0.9614233
18282,test,0.78,1.1957262
18289,test,1.62,1.471673
18291,test,1.14,1.3508012
18295,test,1.64,1.6826266
18328,test,1.56,2.0189283
18337,test,0.38,1.0486186
18344,test,1.04,1.3748307
18345,test,1.16,1.0347991
18350,test,2.06,1.9769723
18356,test,1.92,2.0037484
18362,test,0.72,1.4912965
18364,test,1.68,1.7626259
18370,test,1.24,1.2501576
18376,test,1.1,1.2543961
18378,test,1.98,1.5908623
18386,test,0.28,0.92635655
18397,test,3.12,2.6939495
18423,test,0.8,1.0865563
18432,test,0.98,1.2956127
18433,test,1.22,0.9213416
18437,test,0.66,1.1168342
18439,test,2.42,2.434454
18457,test,2.48,2.4458358
18478,test,0.32,0.5058878
18492,test,1.18,1.9216917
18504,test,1.52,1.1244686
18513,test,1.04,0.73385286
18518,test,0.38,2.101085
18520,test,0.66,0.7174817
18523,test,0.92,0.68391263
18533,test,1.12,1.4439986
18546,test,1.7,1.9730797
18554,test,2.28,1.6387094
18566,test,2.24,1.7529169
18579,test,1.18,1.6202023
18595,test,0.64,1.0340477
18596,test,1.4,1.1803323
18605,test,1.18,1.2369518
18608,test,0.66,0.6655952
18610,test,1.46,1.4787246
18629,test,0.9,0.9889891
18655,test,1.88,1.8939983
18658,test,2.08,1.6629703
18665,test,1.48,1.3692545
18673,test,2.62,2.7541413
18676,test,1.12,1.26984
18679,test,2.14,1.7403188
18680,test,1.02,1.2867833
18693,test,1.4,1.4722948
18694,test,1.0,1.4948152
18717,test,0.18,0.85587054
18726,test,1.12,1.3752787
18743,test,2.14,1.6041993
18752,test,0.48,1.3781626
18755,test,0.98,1.089746
18758,test,1.46,1.4054146
18763,test,1.46,1.2047607
18766,test,0.98,1.4161596
18775,test,3.36,2.7942932
18776,test,2.0,1.654996
18781,test,2.4,1.777981
18786,test,1.66,0.76996404
18794,test,1.98,1.9508104
18800,test,1.94,1.6985298
18810,test,1.38,2.093001
18818,test,1.1,0.671972
18819,test,1.46,1.9681906
18850,test,1.84,1.6840461
18858,test,0.8,1.1423349
18885,test,0.7,1.8177367
18902,test,2.78,1.4887673
18904,test,2.36,1.921876
18924,test,2.12,2.452187
18926,test,2.48,1.8909124
